Company,Title,Track,Location,Region,Tier,Salary,Flags,Posted_Age,WorkModel,Source,URL,Link_Check
Amazon (Annapurna Labs),"2026 Annapurna Labs at AWS, Early Career - Machine Learning Systems & Silicon Innovation",RTL / ASIC Design,US (see posting),US,Big Tech / Semi leader,,,verified Jun 10,,agent:US-direct,https://amazon.jobs/en/jobs/3175965/2026-annapurna-labs-at-aws-early-career-us-machine-learning-systems-silicon-innovation,search-verified 2026-06-10 (amazon.jobs + LinkedIn list)
Amazon (Annapurna Labs),"2026 Annapurna Labs at AWS, Early Career - Silicon & AI Systems Innovation",RTL / ASIC Design,US (see posting),US,Big Tech / Semi leader,,,verified Jun 10,,agent:US-direct,https://www.amazon.jobs/en/jobs/3116902/2026-annapurna-labs-at-aws-early-career-us-silicon-ai-systems-innovation,search-verified 2026-06-10 (amazon.jobs + ZipRecruiter list)
Arm,Graduate Engineer - System IP,RTL / ASIC Design,"Austin, TX / Chandler, AZ",US,Big Tech / Semi leader,,,verified Jun 10,,agent:US-direct,https://careers.arm.com/job/austin/graduate-engineer-system-ip/33099/90386075120,search-verified 2026-06-10 (careers.arm.com posted Apr 2026)
Google,"Silicon Engineer, Platform and Devices, University Graduate, 2026",RTL / ASIC Design,US (see posting),US,Big Tech / Semi leader,,,verified Jun 10,,agent:US-direct,https://www.google.com/about/careers/applications/jobs/results/73379279982731974-silicon-engineer-platform-and-devices-university-graduate-2026,search-verified 2026-06-10 (Google Careers ID+title match)
IBM,Entry Level Hardware and Systems Engineer,RTL / ASIC Design,US (see posting),US,Big Tech / Semi leader,,,verified Jun 10,,agent:US-direct,https://careers.ibm.com/en_US/careers/JobDetail/Entry-Level-Hardware-and-Systems-Engineer/73397,search-verified 2026-06-10 (careers.ibm.com + LinkedIn)
Marvell Technology,RTL Design Engineer - Early Career,RTL / ASIC Design,"Westborough, MA",US,Big Tech / Semi leader,,,Jun 05,On Site,jobright:ENG,https://marvell.wd1.myworkdayjobs.com/MarvellCareers/job/Westborough-MA/RTL-Design-Engineer---Early-Career_2601224,search-verified 2026-06-10; direct employer link (live Marvell Workday 2601224)
Meta,"ASIC Engineer, Architecture (University Grad)",RTL / ASIC Design,US (see posting),US,Big Tech / Semi leader,,,verified Jun 10,,agent:US-direct,https://www.metacareers.com/v2/jobs/292181193205580/,search-verified 2026-06-10 (Metacareers ID+title match)
Meta,"ASIC Engineer, Design (University Grad)",RTL / ASIC Design,US (see posting),US,Big Tech / Semi leader,,,verified Jun 10,,agent:US-direct,https://www.metacareers.com/v2/jobs/817023873389183/,search-verified 2026-06-10 (Metacareers ID+title match)
Micron,"New College Grad - Memory Design Engineer, DRAM",RTL / ASIC Design,"Boise, ID",US,Big Tech / Semi leader,,,verified Jun 10,,agent:US-direct,https://careers.micron.com/careers/job/39423817-new-college-grad-memory-design-engineer-dram-boise-idaho-united-states-of-america,search-verified 2026-06-10 (careers.micron.com title+ID match)
Micron,New College Grad - Design Engineer,RTL / ASIC Design,"San Jose, CA",US,Big Tech / Semi leader,,,verified Jun 10,,agent:US-direct,https://micron.wd1.myworkdayjobs.com/en-US/External/job/New-College-Grad---Design-Engineer_JR94996,search-verified 2026-06-10 (canonical Workday JR94996 live)
Micron Technology,Semiconductor Design Engineer New Grad - Semiconductor Design Engineer - DRAM Products Group,RTL / ASIC Design,"Boise, ID",US,Big Tech / Semi leader,,,1d,,simplify:HW,https://micron.wd1.myworkdayjobs.com/External/job/Boise-ID---Main-Site/New-College-Grad---Semiconductor-Design-Engineer--DRAM-Products-Group_JR89363,list-bot-verified 2026-06-10
Microsoft,Hardware Engineer: Opportunities for University Graduates,RTL / ASIC Design,US (see posting),US,Big Tech / Semi leader,,,verified Jun 10,,agent:US-direct,https://jobs.careers.microsoft.com/global/en/job/1692965/Hardware-Engineer:-Opportunities-for-University-Graduates,search-verified 2026-06-10 (Microsoft careers ID 1692965)
NVIDIA,"Software R&D Engineer, Digital Logic Synthesis - New College Grad 2026",RTL / ASIC Design,"US, TX, Austin, US",US,Big Tech / Semi leader,,,Jun 06,On Site,jobright:SW,https://nvidia.wd5.myworkdayjobs.com/en-US/nvidiaexternalcareersite/job/US-CA-Santa-Clara/Software-R-D-Engineer--Digital-Logic-Synthesis---New-College-Grad-2026_JR2018263,search-verified 2026-06-10; direct employer link (req JR2018263 live)
NVIDIA,Software R&D Engineer - VLSI Physical Design - New College Grad 2026,RTL / ASIC Design,"US, TX, Austin",US,Big Tech / Semi leader,$172k/yr,,6d,,speedy:FAANG,https://nvidia.wd5.myworkdayjobs.com/en-US/nvidiaexternalcareersite/job/US-TX-Austin/Software-R-D-Engineer--VLSI-Physical-Design---New-College-Grad-2026_JR2019330,list-bot-verified 2026-06-10
NVIDIA,ASIC Design Engineer - New College Grad 2026 (Memory Subsystem),RTL / ASIC Design,US (see posting),US,Big Tech / Semi leader,,,verified Jun 10,,agent:US-direct,https://nvidia.wd5.myworkdayjobs.com/en-US/NVIDIAExternalCareerSite/job/ASIC-Design-Engineer---New-College-Grad-2026_JR2017581,list-bot-verified 2026-06-10 (cross-ref JR2017581)
NVIDIA,ASIC Hardware Design Engineer - New College Grad 2026,RTL / ASIC Design,US (see posting),US,Big Tech / Semi leader,,,verified Jun 10,,agent:US-direct,https://nvidia.wd5.myworkdayjobs.com/en-US/NVIDIAExternalCareerSite/job/ASIC-Hardware-Design-Engineer---New-College-Grad-2026_JR2011787,search-verified 2026-06-10 (Workday title+JR2011787 match)
NVIDIA,ASIC Physical Design and Timing Engineer - New College Grad 2026,RTL / ASIC Design,US (see posting),US,Big Tech / Semi leader,,,verified Jun 10,,agent:US-direct,https://nvidia.wd5.myworkdayjobs.com/en-US/NVIDIAExternalCareerSite/job/ASIC-Timing-Engineer---New-College-Grad-2026_JR2013177,search-verified 2026-06-10 (Workday title+JR2013177 match)
NVIDIA,"ASIC Physical Design Engineer, Netlisting - New College Grad 2026",RTL / ASIC Design,US (see posting),US,Big Tech / Semi leader,,,verified Jun 10,,agent:US-direct,https://nvidia.wd5.myworkdayjobs.com/en-US/NVIDIAExternalCareerSite/job/ASIC-Physical-Design-Engineer--Netlisting---New-College-Grad-2026_JR2017681,search-verified 2026-06-10 (Workday title+JR2017681 match)
NVIDIA,CPU Design Engineer - New College Grad 2026,RTL / ASIC Design,US (see posting),US,Big Tech / Semi leader,,,verified Jun 10,,agent:US-direct,https://nvidia.wd5.myworkdayjobs.com/en-US/NVIDIAExternalCareerSite/job/CPU-Design-Engineer---New-College-Grad-2026_JR2007624,search-verified 2026-06-10 (Workday title+JR2007624 match)
NVIDIA,ASIC Clocks Design Engineer - New College Grad 2026,RTL / ASIC Design,US (see posting),US,Big Tech / Semi leader,,,verified Jun 10,,agent:US-direct,https://nvidia.wd5.myworkdayjobs.com/en-US/NVIDIAExternalCareerSite/job/ASIC-Clocks-Design-Engineer---New-College-Grad-2026_JR2012417,search-verified 2026-06-10 (Workday + jobs.nvidia.com mirror)
NVIDIA,ASIC Design Engineer - New College Grad 2026,RTL / ASIC Design,US (see posting),US,Big Tech / Semi leader,,,verified Jun 10,,agent:US-direct,https://nvidia.wd5.myworkdayjobs.com/en-US/NVIDIAExternalCareerSite/job/ASIC-Design-Engineer---New-College-Grad-2026_JR2003628,search-verified 2026-06-10 (Workday title+JR2003628 match)
OMNIVISION,SoC Design Engineer,RTL / ASIC Design,"Santa Clara, CA",US,Big Tech / Semi leader,,,Jun 08,On Site,jobright:ENG,https://jobs.jobvite.com/ovt/job/oZbqufwO,search-verified 2026-06-10; direct employer link (live on OMNIVISION Jobvite)
SpaceX,FPGA/ASIC Design Engineer (Silicon Engineering),RTL / ASIC Design,"Irvine, CA",US,Big Tech / Semi leader,,us-person-likely,Jun 04,On Site,jobright:ENG,https://job-boards.greenhouse.io/spacex/jobs/8032313002,search-verified 2026-06-10; direct employer link (active SpaceX Greenhouse req)
TikTok,"SoC Digital Design Engineer, Multimedia Lab",RTL / ASIC Design,San Jose,US,Big Tech / Semi leader,,,Jun 04,On Site,jobright:ENG,https://jobright.ai/jobs/info/6a2171747c30cc2cc5168f31,listed<=7d jobright 2026-06-10; search-confirmed 2026-06-10
🔥 NVIDIA,ASIC Clocks Design Engineer New College Grad,RTL / ASIC Design,"Austin, TX; Santa Clara, CA",US,Big Tech / Semi leader,,,6d,,simplify:HW,https://nvidia.wd5.myworkdayjobs.com/NVIDIAExternalCareerSite/job/US-CA-Santa-Clara/ASIC-Clocks-Design-Engineer---New-College-Grad-2026_JR2019229-1,list-bot-verified 2026-06-10
🔥 NVIDIA,ASIC Design Engineer New Grad,RTL / ASIC Design,"Santa Clara, CA",US,Big Tech / Semi leader,,,1mo,,simplify:HW,https://nvidia.wd5.myworkdayjobs.com/NVIDIAExternalCareerSite/job/US-CA-Santa-Clara/ASIC-Design-Engineer---New-College-Grad-2026_JR2017581,list-bot-verified 2026-06-10
🔥 NVIDIA,Low Power ASIC Engineer – New College Grad,RTL / ASIC Design,"Santa Clara, CA",US,Big Tech / Semi leader,,,1mo,,simplify:HW,https://nvidia.wd5.myworkdayjobs.com/NVIDIAExternalCareerSite/job/US-CA-Santa-Clara/Low-Power-ASIC-Engineer---New-College-Grad-2026_JR2017001,list-bot-verified 2026-06-10
🔥 SpaceX,Engineer New Grad - ASIC Design - Starshield,RTL / ASIC Design,"West Athens, CA",US,Big Tech / Semi leader,,us-person-likely,0d,,simplify:HW,https://boards.greenhouse.io/spacex/jobs/8583065002,list-bot-verified 2026-06-10
Apple,Cellular SOC Design Verification Engineer - Entry Level,Design Verification,"Sunnyvale, CA",US,Big Tech / Semi leader,,,verified Jun 10,,agent:US-direct,https://jobs.apple.com/en-us/details/200575466/cellular-soc-design-verification-engineer-entry-level,search-verified 2026-06-10 (jobs.apple.com ID 200575466 listed)
Apple,Cellular SOC Design Verification Engineer - Entry Level,Design Verification,"Austin, TX",US,Big Tech / Semi leader,,,verified Jun 10,,agent:US-direct,https://jobs.apple.com/en-us/details/200573140/cellular-soc-design-verification-engineer-entry-level,search-verified 2026-06-10 (jobs.apple.com US+intl listed)
Apple,Cellular SOC Design Verification Engineer - Entry Level (HRDWR),Design Verification,US (see posting),US,Big Tech / Semi leader,,,verified Jun 10,,agent:US-direct,https://jobs.apple.com/en-us/details/200583670/cellular-soc-design-verification-engineer?team=HRDWR,search-verified 2026-06-10 (jobs.apple.com ID 200583670 listed)
Arm,Graduate Design Verification Engineer,Design Verification,"Austin, TX / Chandler, AZ",US,Big Tech / Semi leader,,,verified Jun 10,,agent:US-direct,https://careers.arm.com/job/austin/graduate-design-verification-engineer/33099/90386075120,search-verified 2026-06-10 (careers.arm.com posted Jan 2026)
Arm,Graduate Verification Engineer,Design Verification,"San Diego, CA",US,Big Tech / Semi leader,,,verified Jun 10,,agent:US-direct,https://careers.arm.com/job/san-diego/graduate-verification-engineer/33099/94822466496,search-verified 2026-06-10 (careers.arm.com posted May 2026)
Google,Silicon Design Verification Engineer,Design Verification,"Mountain View, CA, USA",US,Big Tech / Semi leader,,,Jun 10,On Site,jobright:ENG,https://www.google.com/about/careers/applications/jobs/results/95010654884111046-silicon-design-verification-engineer/,search-verified 2026-06-10; direct employer link (exact title live Google Careers)
Google,"Hardware Emulation Engineer, Google Cloud",Design Verification,"Sunnyvale, CA, USA",US,Big Tech / Semi leader,,,Jun 08,On Site,jobright:ENG,https://www.google.com/about/careers/applications/jobs/results/134632199488971462-hardware-emulation-engineer-google-cloud,search-verified 2026-06-10; direct employer link (exact title live Google Careers)
Intel,CPU Verification Engineer,Design Verification,"US, Oregon, Hillsboro, US",US,Big Tech / Semi leader,,,Jun 10,On Site,jobright:ENG,https://jobs.intel.com/en/job/hillsboro/cpu-verification-engineer/41147/56647264000,search-verified 2026-06-10; direct employer link (live on jobs.intel.com)
Intel,CPU Verification Engineer,Design Verification,"US, Texas, Austin, US",US,Big Tech / Semi leader,,,Jun 10,On Site,jobright:ENG,https://jobs.intel.com/en/job/austin/cpu-verification-engineer/41147/58241584064,search-verified 2026-06-10; direct employer link (live on jobs.intel.com)
Intel,IP Design Verification Engineer,Design Verification,"Hillsboro, OR",US,Big Tech / Semi leader,,,Jun 05,Hybrid,jobright:ENG,https://jobright.ai/jobs/info/6a2376654239a4353887e39f,listed<=7d jobright 2026-06-10; search-confirmed 2026-06-10
Marvell Technology,Design Verification Engineer - Early Career,Design Verification,"Irvine, CA, US",US,Big Tech / Semi leader,,,Jun 08,On Site,jobright:ENG,https://jobright.ai/jobs/info/6a1a60f12b206f3955eb44fc,listed<=7d jobright 2026-06-10
Marvell Technology,Design Verification Engineer - Early Career,Design Verification,"Santa Clara, CA, US",US,Big Tech / Semi leader,,,Jun 08,On Site,jobright:ENG,https://jobright.ai/jobs/info/6a1a60ee2b206f3955eb44fb,listed<=7d jobright 2026-06-10; search-confirmed 2026-06-10
Meta,"ASIC Engineer, Design Verification (University Grad)",Design Verification,US (see posting),US,Big Tech / Semi leader,,,verified Jun 10,,agent:US-direct,https://www.metacareers.com/jobs/1146919463598484,search-verified 2026-06-10 (Metacareers ID+title match)
Micron,"New College Grad - Design and Verification Engineer, Pathfinding",Design Verification,"Folsom, CA",US,Big Tech / Semi leader,,,verified Jun 10,,agent:US-direct,https://micron.wd1.myworkdayjobs.com/en-US/External/job/New-College-Grad---Design-and-Verification-Engineer--Pathfinding_JR96895,search-verified 2026-06-10 (canonical Workday JR96895 live)
NVIDIA,Formal Verification Engineer - New College Grad 2026,Design Verification,"US, CA, Santa Clara",US,Big Tech / Semi leader,,,Jun 08,On Site,jobright:SW,https://nvidia.wd5.myworkdayjobs.com/NVIDIAExternalCareerSite/job/US-CA-Santa-Clara/Formal-Verification-Engineer---New-College-Grad-2026_JR2007627,search-verified 2026-06-10; direct employer link (Workday req indexed current)
NVIDIA,ASIC Design Verification Engineer - New College Grad 2026,Design Verification,US (see posting),US,Big Tech / Semi leader,,,verified Jun 10,,agent:US-direct,https://nvidia.wd5.myworkdayjobs.com/en-US/NVIDIAExternalCareerSite/job/ASIC-Design-Verification-Engineer---New-College-Grad-2026_JR2010391,search-verified 2026-06-10 (Workday title+JR2010391 match)
NVIDIA,ASIC Verification Engineer - New College Grad 2026,Design Verification,US (see posting),US,Big Tech / Semi leader,,,verified Jun 10,,agent:US-direct,https://nvidia.wd5.myworkdayjobs.com/en-US/NVIDIAExternalCareerSite/job/ASIC-Verification-Engineer---New-College-Grad-2026_JR2012573,search-verified 2026-06-10 (Workday title+JR2012573 match)
NVIDIA,ASIC Clocks Verification Engineer - New College Grad 2026,Design Verification,US (see posting),US,Big Tech / Semi leader,,,verified Jun 10,,agent:US-direct,https://nvidia.wd5.myworkdayjobs.com/en-US/NVIDIAExternalCareerSite/job/ASIC-Clocks-Verification-Engineer---New-College-Grad-2026_JR2013336,search-verified 2026-06-10 (Workday + jobs.nvidia.com mirror)
NVIDIA,ASIC Verification and Infrastructure Engineer - New College Grad 2026,Design Verification,"Santa Clara, CA",US,Big Tech / Semi leader,,,verified Jun 10,,agent:US-direct,https://nvidia.wd5.myworkdayjobs.com/en-US/NVIDIAExternalCareerSite/job/ASIC-Verification-and-Infrastructure-Engineer---New-College-Grad-2026_JR2010195,search-verified 2026-06-10 (job+apply pages indexed)
NVIDIA,SoC ASIC Verification Engineer - New College Grad 2026,Design Verification,US (see posting),US,Big Tech / Semi leader,,,verified Jun 10,,agent:US-direct,https://nvidia.wd5.myworkdayjobs.com/en-US/NVIDIAExternalCareerSite/job/SoC-ASIC-Verification-Engineer---New-College-Grad-2026_JR2015202-1,search-verified 2026-06-10 (Workday+Glassdoor list)
NVIDIA,Cell Modelling and Verification Engineer - New College Grad 2026,Design Verification,"Santa Clara, CA",US,Big Tech / Semi leader,,,verified Jun 10,,agent:US-direct,https://nvidia.wd5.myworkdayjobs.com/en-US/NVIDIAExternalCareerSite/job/US-CA-Santa-Clara/Cell-Modelling-and-Verification-Engineer---New-College-Grad-2026_JR2011631,search-verified 2026-06-10 (Workday title+JR2011631 match)
NVIDIA,Verification Engineer - New College Grad 2026 (Memory Subsystem),Design Verification,"Santa Clara, CA / Westford, MA / Austin, TX",US,Big Tech / Semi leader,,,verified Jun 10,,agent:US-direct,https://nvidia.wd5.myworkdayjobs.com/en-US/NVIDIAExternalCareerSite/job/Verification-Engineer---New-College-Grad-2026_JR2017633,search-verified 2026-06-10 (Workday title+JR2017633 match)
NVIDIA,Formal Verification Engineer - New College Grad 2026,Design Verification,US (see posting),US,Big Tech / Semi leader,,,verified Jun 10,,agent:US-direct,https://nvidia.wd5.myworkdayjobs.com/NVIDIAExternalCareerSite/job/Formal-Verification-Engineer---New-College-Grad-2026_JR2013674,search-verified 2026-06-10 (Workday title+JR2013674 match)
Qualcomm,Video Design Verification Engineer,Design Verification,"San Diego, CA",US,Big Tech / Semi leader,,,Jun 04,On Site,jobright:ENG,https://jobright.ai/jobs/info/6a2638c2757ade085b6b2d75,listed<=7d jobright 2026-06-10; search-confirmed 2026-06-10
SanDisk,"New College Grad, ASIC Verification Engineering",Design Verification,"Milpitas, CA",US,Big Tech / Semi leader,,,verified Jun 10,,agent:US-direct,https://jobs.smartrecruiters.com/Sandisk/744000106900840-new-college-grad-asic-verification-engineering,search-verified 2026-06-10 (SmartRecruiters + LinkedIn list)
SiFive,Junior CPU Design Verification Engineer,Design Verification,"San Mateo, CA",US,Big Tech / Semi leader,,,verified Jun 10,,agent:US-direct,https://www.sifive.com/careers/5135521003/junior-cpu-design-verification-engineer-san-mateo-california-united-states,search-verified (reposted req) 2026-06-10 (reposted as 5135521003)
Silicon Labs,Digital Verification Engineer I,Design Verification,"Austin, US",US,Big Tech / Semi leader,,,Jun 08,Hybrid,jobright:SW,https://jobright.ai/jobs/info/6a26f5952056260dd6e84374,listed<=7d jobright 2026-06-10; search-confirmed 2026-06-10
SpaceX,Design Verification Engineer (Silicon Engineering),Design Verification,"Sunnyvale, CA, United States",US,Big Tech / Semi leader,,us-person-likely,Jun 04,On Site,jobright:ENG,https://job-boards.greenhouse.io/spacex/jobs/8358339002,search-verified 2026-06-10; direct employer link (Greenhouse req open Sunnyvale)
SpaceX,Design Verification Engineer (Silicon Engineering),Design Verification,"Irvine, California, United States",US,Big Tech / Semi leader,,us-person-likely,Jun 04,On Site,jobright:ENG,https://job-boards.greenhouse.io/spacex/jobs/8170459002,search-verified 2026-06-10; direct employer link (Irvine DV opening live)
SpaceX,Design Verification Engineer (Silicon Engineering),Design Verification,"Redmond, WA, United States",US,Big Tech / Semi leader,,us-person-likely,Jun 04,On Site,jobright:ENG,https://jobright.ai/jobs/info/6a21f66cca8f0b365d7aa18f,listed<=7d jobright 2026-06-10; search-confirmed 2026-06-10
SpaceX,Design Verification Engineer (Silicon Engineering),Design Verification,"Austin, Texas, United States",US,Big Tech / Semi leader,,us-person-likely,Jun 04,On Site,jobright:ENG,https://jobright.ai/jobs/info/6a21f66cca8f0b365d7aa190,listed<=7d jobright 2026-06-10; search-confirmed 2026-06-10
SpaceX,Design Verification Engineer (Silicon Engineering),Design Verification,"Irvine, CA",US,Big Tech / Semi leader,,us-person-likely,Jun 04,On Site,jobright:ENG,https://jobright.ai/jobs/info/6a21f64dca8f0b365d7aa161,listed<=7d jobright 2026-06-10
Tenstorrent,New Grad CPU Verification Engineer - AI Silicon,Design Verification,"Austin, TX / Santa Clara, CA",US,Big Tech / Semi leader,,,verified Jun 10,,agent:US-direct,https://tenstorrent.breezy.hr/p/ef8cc5028fa8-new-grad-cpu-verification-engineer-ai-silicon-austin-or-santa-clara,search-verified 2026-06-10 (Breezy slug+title active)
Teradyne,"Hardware Verification Engineer, New College Graduate, (Teradyne, North Reading, MA)",Design Verification,"North Reading, MA",US,Big Tech / Semi leader,,,Jun 09,On Site,jobright:ENG,https://jobright.ai/jobs/info/6a28b00d7061b51a3a5f7595,listed<=7d jobright 2026-06-10; search-confirmed 2026-06-10
TikTok,"SoC Digital Verification Engineer, Multimedia Lab",Design Verification,San Jose,US,Big Tech / Semi leader,,,Jun 04,On Site,jobright:ENG,https://lifeattiktok.com/search/7623930084894050613,search-verified 2026-06-10; direct employer link (open on TikTok careers site)
Amazon (Annapurna Labs),"ASIC DFT Engineer I, Annapurna Labs",DFT / Silicon Test,US (see posting),US,Big Tech / Semi leader,,,verified Jun 10,,agent:US-direct,https://amazon.jobs/en/jobs/3023122/asic-dft-engineer-i-annapurna-labs,search-verified 2026-06-10 (amazon.jobs Job ID 3023122)
Amazon (AWS),"DFT Design Engineer I, AWS Machine Learning Acceleration",DFT / Silicon Test,US (see posting),US,Big Tech / Semi leader,,,verified Jun 10,,agent:US-direct,https://www.amazon.jobs/en/jobs/3150211/dft-design-engineer-i-aws-machine-learning-acceleration,search-verified 2026-06-10 (amazon.jobs Job ID 3150211)
Marvell Technology,Design for Test Engineer - Early Career,DFT / Silicon Test,"Westborough, MA",US,Big Tech / Semi leader,,,Jun 05,On Site,jobright:ENG,https://jobright.ai/jobs/info/6a0699857c753c287f704645,listed<=7d jobright 2026-06-10; search-confirmed 2026-06-10
NVIDIA,DFT Engineer - New College Grad,DFT / Silicon Test,"Santa Clara, CA",US,Big Tech / Semi leader,,,verified Jun 10,,agent:US-direct,https://nvidia.wd5.myworkdayjobs.com/en-US/NVIDIAExternalCareerSite/job/US-CA-Santa-Clara/DFT-Engineer---New-College-Grad_JR2016865,search-verified 2026-06-10 (Workday title+JR2016865 match)
Qualcomm,System Level Test Engineer,DFT / Silicon Test,"San Diego, CA",US,Big Tech / Semi leader,,,Jun 09,On Site,jobright:ENG,https://careers.qualcomm.com/careers/job/446716369150-system-level-test-engineer-san-diego-california-united-states-of-america,search-verified 2026-06-10; direct employer link (live on Qualcomm careers)
SpaceX,Hardware Test Engineer (Starlink),DFT / Silicon Test,"Redmond, WA",US,Big Tech / Semi leader,,us-person-likely,Jun 03,On Site,jobright:ENG,https://job-boards.greenhouse.io/spacex/jobs/8497592002,search-verified 2026-06-10; direct employer link (Greenhouse req open Redmond)
Astera Labs,Product Applications Engineer (NCG 2026),Silicon Validation,"San Jose, CA",US,Big Tech / Semi leader,,,verified Jun 10,,agent:US-direct,https://job-boards.greenhouse.io/asteraearlycareer2026/jobs/4597010005,search-verified 2026-06-10 (Greenhouse ID 4597010005 San Jose)
Astera Labs,"Product Applications Engineer (NCG 2026, Aries)",Silicon Validation,US (see posting),US,Big Tech / Semi leader,,,verified Jun 10,,agent:US-direct,https://job-boards.greenhouse.io/asteralabs/jobs/4597481005,search-verified 2026-06-10 (Greenhouse ID 4597481005 Aries)
Credo,Hardware Validation Engineer,Silicon Validation,"San Jose Office,United States",US,Big Tech / Semi leader,,,Jun 04,On Site,jobright:ENG,https://jobright.ai/jobs/info/6a2204f1902d19201c7bbb7f,listed<=7d jobright 2026-06-10
Google,"Hardware Validation Engineer, Cloud Platforms",Silicon Validation,"Sunnyvale, CA, USA",US,Big Tech / Semi leader,,,Jun 09,On Site,jobright:SW,https://www.google.com/about/careers/applications/jobs/results/107546129758855878-hardware-validation-engineer-cloud-platforms,search-verified 2026-06-10; direct employer link (exact title live Google Careers)
Google,"Silicon Engineer, University Graduate, 2026 (performance validation)",Silicon Validation,US (see posting),US,Big Tech / Semi leader,,,verified Jun 10,,agent:US-direct,https://www.google.com/about/careers/applications/jobs/results/118693575373267654-silicon-engineer/,search-verified 2026-06-10 (live on canonical URL)
Marvell,Hardware Validation Engineer - Early Career,Silicon Validation,US (see posting),US,Big Tech / Semi leader,,,verified Jun 10,,agent:US-direct,https://marvell.wd1.myworkdayjobs.com/en-US/MarvellCareers/job/Hardware-Validation-Engineer---Early-Career_2600860,search-verified 2026-06-10 (Marvell Workday req 2600860)
Marvell Technology,Hardware & Silicon Validation Engineer - Early Career,Silicon Validation,"Westlake Village, CA",US,Big Tech / Semi leader,,,Jun 06,On Site,jobright:ENG,https://jobright.ai/jobs/info/6a24365a4239a4353888003d,listed<=7d jobright 2026-06-10; search-confirmed 2026-06-10
Marvell Technology,Validation Engineer - Early Career,Silicon Validation,"Santa Clara, CA, US",US,Big Tech / Semi leader,,,Jun 05,On Site,jobright:ENG,https://jobright.ai/jobs/info/6a2365c1757ade085b6ae0aa,listed<=7d jobright 2026-06-10; search-confirmed 2026-06-10
Marvell Technology,Hardware Validation (Test Solutions) Engineer,Silicon Validation,"Burlington, VT",US,Big Tech / Semi leader,,,Jun 05,On Site,jobright:ENG,https://marvell.wd1.myworkdayjobs.com/en-US/MarvellCareers/job/Burlington-VT/Hardware-Validation--Test-Solutions--Engineer_2503553-1,search-verified 2026-06-10; direct employer link (live Marvell Workday 2503553)
Micron,New College Grad - Semiconductor Product Engineer,Silicon Validation,US (see posting),US,Big Tech / Semi leader,,,verified Jun 10,,agent:US-direct,https://micron.wd1.myworkdayjobs.com/en-US/External/job/New-College-Grad---Semiconductor-Product-Engineer_JR94516,search-verified 2026-06-10 (Workday JR94516 live)
NVIDIA,Verification and Validation Engineer - New College Grad 2026,Silicon Validation,US (see posting),US,Big Tech / Semi leader,,,verified Jun 10,,agent:US-direct,https://nvidia.wd5.myworkdayjobs.com/en-US/NVIDIAExternalCareerSite/job/Verification-and-Validation-Engineer---New-College-Grad-2026_JR2018584-1,search-verified 2026-06-10 (Workday title+JR2018584 match)
SanDisk,"New College Grad, Product Development Engineering (Summer 2026 start)",Silicon Validation,"Milpitas, CA",US,Big Tech / Semi leader,,,verified Jun 10,,agent:US-direct,https://jobs.smartrecruiters.com/Sandisk/744000080258822-new-college-grad-product-development-engineering-summer-2026-start-,search-verified 2026-06-10 (SmartRecruiters + Indeed list)
Teradyne,"Hardware Engineer, New College Graduate",Silicon Validation,"North Reading, MA",US,Big Tech / Semi leader,,,verified Jun 10,,agent:US-direct,"https://jobs.teradyne.com/Teradyne/job/North-Reading-Hardware-Engineer,-New-College-Graduate,-(Teradyne,-North-Reading)-MA/1379173500/",search-verified 2026-06-10 (Teradyne req 1379173500 match)
Texas Instruments,"Product, Test & Validation Engineer Rotation Program",Silicon Validation,"Dallas, TX",US,Big Tech / Semi leader,,,verified Jun 10,,agent:US-direct,https://careers.ti.com/job/17546880/product-test-validation-engineer-rotation-program-dallas-tx/,search-verified 2026-06-10 (careers.ti.com ID 17546880)
Texas Instruments,"Product, Test and Validation Engineer Rotation Program",Silicon Validation,"Longmont, CO",US,Big Tech / Semi leader,,,verified Jun 10,,agent:US-direct,https://careers.ti.com/job/12020772/product-test-and-validation-engineer-rotation-program-longmont-co-longmont-co/,search-verified 2026-06-10 (careers.ti.com ID 12020772)
Cadence,Software Engineer II (New College Grad 2026) - Palladium System Software,EDA / CAD,"San Jose, CA",US,Big Tech / Semi leader,,,verified Jun 10,,agent:US-direct,https://cadence.wd1.myworkdayjobs.com/en-US/Univ_Careers/job/Software-Engineer-ll--New-College-Grad-2026-_R52927,search-verified 2026-06-10 (R52927 live Univ_Careers board)
Google,"Chip CAD DevOps Engineer, Google Cloud",EDA / CAD,"Sunnyvale, CA",US,Big Tech / Semi leader,,,Jun 09,On Site,jobright:ENG,https://www.google.com/about/careers/applications/jobs/results/121047733451530950-chip-cad-devops-engineer,search-verified 2026-06-10; direct employer link (exact title live Google Careers)
Google,"Silicon CAD Automation Engineer, University Graduate, 2026",EDA / CAD,US (see posting),US,Big Tech / Semi leader,,,verified Jun 10,,agent:US-direct,https://www.google.com/about/careers/applications/jobs/results/136158278735274694-silicon-cad-automation-engineer/,search-verified 2026-06-10 (Google Careers ID+title match)
Micron,"New College Grad - CAD/Computer Engineer, Central",EDA / CAD,US (see posting),US,Big Tech / Semi leader,,,verified Jun 10,,agent:US-direct,https://micron.wd1.myworkdayjobs.com/en-US/External/job/New-College-Grad---CAD-Computer-Engineer--Central-Engineering_JR86567,search-verified 2026-06-10 (Workday JR86567 live)
NVIDIA,Software Engineer - Hardware Tools and Methodology - New College Grad 2026,EDA / CAD,"US, CA, Santa Clara",US,Big Tech / Semi leader,$172k/yr,,7d,,speedy:FAANG,https://nvidia.wd5.myworkdayjobs.com/en-US/nvidiaexternalcareersite/job/US-CA-Santa-Clara/Software-Engineer--Hardware-Tools-and-Methodology---New-College-Grad-2026_JR2018659,list-bot-verified 2026-06-10
NVIDIA,"Software Engineer, Hardware Tools and Methodology - New College Grad 2026",EDA / CAD,US (see posting),US,Big Tech / Semi leader,,,verified Jun 10,,agent:US-direct,https://nvidia.wd5.myworkdayjobs.com/en-US/NVIDIAExternalCareerSite/job/Software-Engineer--Hardware-Tools-and-Methodology---New-College-Grad-2026_JR2018659,list-bot-verified 2026-06-10 (cross-ref JR2018659)
NVIDIA,Power Methodology and Modeling Engineer - New College Grad 2026,EDA / CAD,US (see posting),US,Big Tech / Semi leader,,,verified Jun 10,,agent:US-direct,https://nvidia.wd5.myworkdayjobs.com/en-US/NVIDIAExternalCareerSite/job/Power-Methodology-and-Modeling-Engineer---New-College-Grad-2026_JR2017486-1,search-verified 2026-06-10 (Workday title+JR2017486 match)
Garmin,Software Engineer 1 - Embedded Software,Firmware / Embedded,"Olathe, KS",US,Big Tech / Semi leader,,,verified Jun 10,,agent:US-direct,https://careers.garmin.com/jobs/16827?lang=en-us,search-verified 2026-06-10 (careers.garmin.com Olathe ID 16827)
Garmin,Embedded Software Engineer 1,Firmware / Embedded,"Cary, NC",US,Big Tech / Semi leader,,,verified Jun 10,,agent:US-direct,https://careers.garmin.com/jobs/17783?lang=en-us,search-verified 2026-06-10 (careers.garmin.com + Jobright list)
KLA,Software Engineer ( Embedded Software/Firmware Development / Embedded Image Processing ),Firmware / Embedded,"Ann Arbor, MI",US,Big Tech / Semi leader,,,Jun 09,On Site,jobright:SW,https://jobright.ai/jobs/info/6a28d334fd37e62bb47ab5c6,listed<=7d jobright 2026-06-10; search-confirmed 2026-06-10
SpaceX,Wireless Firmware Engineer (Starlink Mobile),Firmware / Embedded,"Sunnyvale, CA",US,Big Tech / Semi leader,,us-person-likely,Jun 10,On Site,jobright:ENG,https://job-boards.greenhouse.io/spacex/jobs/8376486002,search-verified 2026-06-10; direct employer link (retitled Direct To Cell open)
Western Digital,"New College Grad Engineer, Firmware Engineering",Firmware / Embedded,"Irvine, CA",US,Big Tech / Semi leader,,,verified Jun 10,,agent:US-direct,https://jobs.smartrecruiters.com/WesternDigital/743999976965184-new-college-grad-engineer-firmware-engineering,search-verified 2026-06-10 (SmartRecruiters active posting)
🔥 Google,Software Engineer – Early Career - Embedded Systems and Firmware,Firmware / Embedded,"9 locationsSeattle, WA; LA; Raleigh, NC; Durham, NC; Kirkland, WA; NYC; Sunnyvale, CA; Mountain View, CA; Atlanta, GA",US,Big Tech / Semi leader,,,6mo,,simplify:HW,https://www.google.com/about/careers/applications/jobs/results/96957711316329158,list-bot-verified 2026-06-10
Amazon,"Hardware Development Engineer, Hardware Development, Amazon LEO",Hardware (general),"Redmond, Washington, USA",US,Big Tech / Semi leader,,,Jun 06,On Site,jobright:ENG,https://www.amazon.jobs/en/jobs/3086616/hardware-development-engineer-hardware-development-amazon-leo,search-verified 2026-06-10; direct employer link (live on amazon.jobs)
Hewlett Packard Enterprise,Electrical/Hardware Engineer,Hardware (general),"Spring, Texas, United States of America",US,Big Tech / Semi leader,,,Jun 08,On Site,jobright:ENG,https://jobright.ai/jobs/info/6a26251114de9460dc8490e6,listed<=7d jobright 2026-06-10; search-confirmed 2026-06-10
KLA,HPC Hardware Engineer,Hardware (general),"Milpitas, CA, US",US,Big Tech / Semi leader,,,Jun 10,On Site,jobright:ENG,https://kla.wd1.myworkdayjobs.com/Search/job/Milpitas-CA/HPC-Hardware-Engineer_2530105,search-verified 2026-06-10; direct employer link (live on KLA Workday)
SpaceX,RF Silicon Software Engineer (RFIC Engineering),Hardware (general),"Redmond, WA",US,Big Tech / Semi leader,,us-person-likely,Jun 08,On Site,jobright:ENG,https://job-boards.greenhouse.io/spacex/jobs/8196633002,search-verified 2026-06-10; direct employer link (Greenhouse req live June 8)
SpaceX,"Hardware Test Specialist, Failure Analysis (Starlink)",Hardware (general),"Redmond, WA",US,Big Tech / Semi leader,,us-person-likely,Jun 08,On Site,jobright:ENG,https://job-boards.greenhouse.io/spacex/jobs/8420958002,search-verified 2026-06-10; direct employer link (retitled Gateway role open)
SpaceX,RFIC Engineer (Starshield Silicon),Hardware (general),"Hawthorne, CA",US,Big Tech / Semi leader,,us-person-likely,Jun 05,On Site,jobright:ENG,https://job-boards.greenhouse.io/spacex/jobs/8087272002,search-verified 2026-06-10; direct employer link (Greenhouse Starshield RFIC open)
SpaceX,"Hardware Test Automation Engineer, Satellites (Starlink)",Hardware (general),"Redmond, WA",US,Big Tech / Semi leader,,us-person-likely,Jun 05,On Site,jobright:ENG,https://job-boards.greenhouse.io/spacex/jobs/8239943002,search-verified 2026-06-10; direct employer link (Greenhouse req indexed open)
SpaceX,"Hardware Development Engineer, Power (Starlink)",Hardware (general),"Redmond, WA",US,Big Tech / Semi leader,,us-person-likely,Jun 04,On Site,jobright:ENG,https://job-boards.greenhouse.io/spacex/jobs/8534765002,search-verified 2026-06-10; direct employer link (recent Greenhouse req open)
Adobe,Software Development Engineer,Software,"San Jose, CA",US,Big Tech / Semi leader,,,Jun 05,On Site,jobright:SW,https://jobright.ai/jobs/info/69cc6560e1921223acc75aab,listed<=7d jobright 2026-06-10
Adobe,Junior Software Development Engineer,Software,San Jose,US,Big Tech / Semi leader,$168k/yr,,37d,,speedy:FAANG,https://adobe.wd5.myworkdayjobs.com/en-US/external_experienced/job/San-Jose/Junior-Software-Development-Engineer_R168092,list-bot-verified 2026-06-10
Airbnb,iOS Software Engineer - Airbnb - New Grad,Software,"San Francisco, CA, Seattle, WA",US,Big Tech / Semi leader,$183k/yr,,43d,,speedy:FAANG,https://careers.airbnb.com/positions/7859317?gh_jid=7859317,list-bot-verified 2026-06-10
All Metals Processing of Orange County,#1731 / Junior Software Developer,Software,"EMBEE, Santa Ana, CA, US",US,Big Tech / Semi leader,,,Jun 10,On Site,jobright:SW,https://jobright.ai/jobs/info/6a2990500c4972328e7e42fa,listed<=7d jobright 2026-06-10
Amazon,Robotics - Software Development Engineer,Software,"Sunnyvale, California, USA",US,Big Tech / Semi leader,,,Jun 10,On Site,jobright:ENG,https://jobright.ai/jobs/info/6a0842566186f4685988692b,listed<=7d jobright 2026-06-10
Amazon,Robotics - Software Development Engineer,Software,"North Reading, Massachusetts, USA",US,Big Tech / Semi leader,,,Jun 10,On Site,jobright:ENG,https://jobright.ai/jobs/info/6a13e7a212f8b43cf3990e1b,listed<=7d jobright 2026-06-10
Amazon,"Data Engineer, Ads Science Analysis & Tech (ASAT)",Software,"New York, United States",US,Big Tech / Semi leader,,,Jun 09,On Site,jobright:ENG,https://jobright.ai/jobs/info/6a28b97a1dbd8437bebcce79,listed<=7d jobright 2026-06-10
Amazon,"Data Engineer, Ads Science Analysis & Tech (ASAT)",Software,"Palo Alto, CA",US,Big Tech / Semi leader,,,Jun 09,On Site,jobright:ENG,https://jobright.ai/jobs/info/6a28aa822d6c332ee52e77b7,listed<=7d jobright 2026-06-10
Amazon,"Data Engineer, Ads Science Analysis & Tech (ASAT)",Software,"Seattle, WA",US,Big Tech / Semi leader,,,Jun 09,On Site,jobright:ENG,https://jobright.ai/jobs/info/6a28aa3d7061b51a3a5f7315,listed<=7d jobright 2026-06-10
Amazon,"Data Engineer, Ads Science Analysis & Tech (ASAT)",Software,"Seattle, Washington, USA",US,Big Tech / Semi leader,,,Jun 09,On Site,jobright:ENG,https://jobright.ai/jobs/info/6a2856e0883c0d3be6541471,listed<=7d jobright 2026-06-10
Amazon,"Data Engineer, Ads Science Analysis & Tech (ASAT)",Software,"Palo Alto, California, USA",US,Big Tech / Semi leader,,,Jun 09,On Site,jobright:ENG,https://jobright.ai/jobs/info/6a2856df883c0d3be6541470,listed<=7d jobright 2026-06-10
Amazon,"DCO Tech, AWS Infrastructure Services",Software,"Frederick, Maryland, USA",US,Big Tech / Semi leader,,,Jun 08,On Site,jobright:ENG,https://jobright.ai/jobs/info/6a1db033e24ef3652583916e,listed<=7d jobright 2026-06-10
Amazon,"Software Development Engineer, AI/ML Engineering Team",Software,"Newark, New Jersey, USA",US,Big Tech / Semi leader,,,Jun 08,On Site,jobright:ENG,https://jobright.ai/jobs/info/6a26e95c12f02023422612ac,listed<=7d jobright 2026-06-10
Amazon,"Robotics Systems Engineer I, Tech Deployment",Software,"Seattle, WA",US,Big Tech / Semi leader,,,Jun 07,On Site,jobright:ENG,https://jobright.ai/jobs/info/69ebc2620a6e095553049e8b,listed<=7d jobright 2026-06-10
Amazon,"Robotics Systems Engineer I, Tech Deployment",Software,"Westboro, WI",US,Big Tech / Semi leader,,,Jun 07,On Site,jobright:ENG,https://jobright.ai/jobs/info/69ebfb7bdc35f7132c4b493d,listed<=7d jobright 2026-06-10
Amazon,Robotics - Software Development Engineer,Software,"Middlesex County, MA",US,Big Tech / Semi leader,,,Jun 07,On Site,jobright:ENG,https://jobright.ai/jobs/info/6a08956c8f3e371eb6180dc9,listed<=7d jobright 2026-06-10
Amazon,"Robotics Systems Engineer I, Tech Deployment",Software,"North Reading, Massachusetts, USA",US,Big Tech / Semi leader,,,Jun 07,On Site,jobright:ENG,https://jobright.ai/jobs/info/6a0610887c753c287f6fe851,listed<=7d jobright 2026-06-10
Amazon,"Robotics Systems Engineer I, Tech Deployment",Software,"Nashville, Tennessee, USA",US,Big Tech / Semi leader,,,Jun 07,On Site,jobright:ENG,https://jobright.ai/jobs/info/6a0610877c753c287f6fe84d,listed<=7d jobright 2026-06-10
Amazon,"Robotics Systems Engineer I, Tech Deployment",Software,"Seattle, Washington, USA",US,Big Tech / Semi leader,,,Jun 07,On Site,jobright:ENG,https://jobright.ai/jobs/info/6a0f4a8e619335383fb2aa20,listed<=7d jobright 2026-06-10
Amazon,"Robotics Systems Engineer I, Tech Deployment",Software,"Austin, Texas, USA",US,Big Tech / Semi leader,,,Jun 07,On Site,jobright:ENG,https://jobright.ai/jobs/info/6a0680a17c753c287f703ad5,listed<=7d jobright 2026-06-10
Amazon,"Robotics Systems Engineer, Tech Deployment",Software,"Bellevue, Washington, USA",US,Big Tech / Semi leader,,,Jun 07,On Site,jobright:ENG,https://jobright.ai/jobs/info/69f9042d0b36ff035475c829,listed<=7d jobright 2026-06-10
Amazon,"Robotics Systems Engineer I, Tech Deployment",Software,"Bellevue, Washington, USA",US,Big Tech / Semi leader,,,Jun 07,On Site,jobright:ENG,https://jobright.ai/jobs/info/6a0610867c753c287f6fe84c,listed<=7d jobright 2026-06-10
Amazon,"Robotics Systems Engineer, Tech Deployment",Software,"Westboro, Wisconsin, USA",US,Big Tech / Semi leader,,,Jun 07,On Site,jobright:ENG,https://jobright.ai/jobs/info/69f90431db88714bcdfbd0e3,listed<=7d jobright 2026-06-10
Amazon,"Robotics Systems Engineer, Tech Deployment",Software,"Nashville, Tennessee, USA",US,Big Tech / Semi leader,,,Jun 07,On Site,jobright:ENG,https://jobright.ai/jobs/info/69f90429b1fc847fc1aea3d6,listed<=7d jobright 2026-06-10
Amazon,"Robotics Systems Engineer, Tech Deployment",Software,"North Reading, Massachusetts, USA",US,Big Tech / Semi leader,,,Jun 07,On Site,jobright:ENG,https://jobright.ai/jobs/info/69f9042d582f810f9c8cfc6e,listed<=7d jobright 2026-06-10
Amazon,"Robotics Systems Engineer, Tech Deployment",Software,"Austin, Texas, USA",US,Big Tech / Semi leader,,,Jun 07,On Site,jobright:ENG,https://jobright.ai/jobs/info/69f90431db88714bcdfbd0e2,listed<=7d jobright 2026-06-10
Amazon,"Robotics Systems Engineer I, Tech Deployment",Software,"Westboro, Wisconsin, USA",US,Big Tech / Semi leader,,,Jun 07,On Site,jobright:ENG,https://jobright.ai/jobs/info/6a0f4a93619335383fb2aa28,listed<=7d jobright 2026-06-10
Amazon,"Robotics Systems Engineer, Tech Deployment",Software,"Seattle, Washington, USA",US,Big Tech / Semi leader,,,Jun 07,On Site,jobright:ENG,https://jobright.ai/jobs/info/69f90429a3d34b4f76f5f8fd,listed<=7d jobright 2026-06-10
Amazon,Robotics - Software Development Engineer,Software,"North Reading, MA",US,Big Tech / Semi leader,,,Jun 06,On Site,jobright:ENG,https://jobright.ai/jobs/info/6a0873768f3e371eb618069e,listed<=7d jobright 2026-06-10
Amazon,"Robotics Systems Engineer I, Tech Deployment",Software,"Boston, MA",US,Big Tech / Semi leader,,,Jun 06,On Site,jobright:ENG,https://jobright.ai/jobs/info/69cf0393cdb525785fb9e09b,listed<=7d jobright 2026-06-10
Amazon,"Robotics Systems Engineer I, Tech Deployment",Software,"Middlesex County, MA",US,Big Tech / Semi leader,,,Jun 06,On Site,jobright:ENG,https://jobright.ai/jobs/info/69cefae5cfdc6132f942ea60,listed<=7d jobright 2026-06-10
Amazon,"Robotics Systems Engineer I, Tech Deployment",Software,"Bellevue, WA",US,Big Tech / Semi leader,,,Jun 06,On Site,jobright:ENG,https://jobright.ai/jobs/info/69ebc9e358811370cb13ce1e,listed<=7d jobright 2026-06-10
Amazon,"Robotics Systems Engineer I, Tech Deployment",Software,"North Reading, MA",US,Big Tech / Semi leader,,,Jun 05,On Site,jobright:ENG,https://jobright.ai/jobs/info/69cf2656cfdc6132f942fe5d,listed<=7d jobright 2026-06-10
Amazon,"Robotics Systems Engineer I, Tech Deployment",Software,"Austin, TX",US,Big Tech / Semi leader,,,Jun 05,On Site,jobright:ENG,https://jobright.ai/jobs/info/69cefae8891d7b11cfccefc7,listed<=7d jobright 2026-06-10
Amazon,"Robotics Systems Engineer I, Tech Deployment",Software,"Nashville, TN",US,Big Tech / Semi leader,,,Jun 05,On Site,jobright:ENG,https://jobright.ai/jobs/info/69cefae7366bb95ba5511b63,listed<=7d jobright 2026-06-10
Amazon,"Machinist, Quantum Computing",Software,"Pasadena, CA",US,Big Tech / Semi leader,,,Jun 05,On Site,jobright:ENG,https://jobright.ai/jobs/info/69eb415ddc35f7132c4af0e4,listed<=7d jobright 2026-06-10
Amazon,"Cloud Systems Engineer I, ADC System Security Engineering",Software,"Herndon, Virginia, USA",US,Big Tech / Semi leader,,,Jun 04,Hybrid,jobright:ENG,https://jobright.ai/jobs/info/6a21bf7e7c30cc2cc516af30,listed<=7d jobright 2026-06-10
Amazon,"Software Development Engineer, PXT",Software,"Bellevue, Washington, USA",US,Big Tech / Semi leader,,,Jun 09,On Site,jobright:SW,https://jobright.ai/jobs/info/6a0f128480bf0430c76309fd,listed<=7d jobright 2026-06-10
Amazon,Software Engineer I - Creator Sponsorships,Software,"San Francisco, California, USA",US,Big Tech / Semi leader,$178k/yr,,21d,,speedy:FAANG,https://www.amazon.jobs/jobs/10426761/apply,list-bot-verified 2026-06-10
Amazon,Data Engineer I - Amazon Publisher Monetization - Analytics,Software,"Seattle, Washington, USA",US,Big Tech / Semi leader,$178k/yr,,41d,,speedy:FAANG,https://www.amazon.jobs/jobs/10414428/apply,list-bot-verified 2026-06-10
Amazon Web Services (AWS),"Cloud Systems Engineer I, ADC System Security Engineering",Software,"Herndon, VA",US,Big Tech / Semi leader,,,Jun 09,Hybrid,jobright:ENG,https://jobright.ai/jobs/info/6a298913d3ec8317fe13e8c9,listed<=7d jobright 2026-06-10
Amperesand,Software Engineer,Software,"San Francisco, California, United States",US,Big Tech / Semi leader,,,Jun 10,On Site,jobright:SW,https://jobright.ai/jobs/info/6a226864597131741415eb8c,listed<=7d jobright 2026-06-10
Amperesand,Software Engineer,Software,"Reno, Nevada, United States",US,Big Tech / Semi leader,,,Jun 10,On Site,jobright:SW,https://jobright.ai/jobs/info/6a226858597131741415eb7f,listed<=7d jobright 2026-06-10
Amperesand,Software Engineer,Software,Reno (NV),US,Big Tech / Semi leader,,,Jun 04,On Site,jobright:SW,https://jobright.ai/jobs/info/6a226861597131741415eb85,listed<=7d jobright 2026-06-10
Amperesand,Software Engineer,Software,San Francisco (SF),US,Big Tech / Semi leader,,,Jun 04,On Site,jobright:SW,https://jobright.ai/jobs/info/6a226861597131741415eb86,listed<=7d jobright 2026-06-10
Anduril,Early Career Software Engineer,Software,"Newport Beach, CA",US,Big Tech / Semi leader,,us-person-likely,1mo,,simplify:SW,https://boards.greenhouse.io/andurilindustries/jobs/4802146007,list-bot-verified 2026-06-10
Anduril Industries,Software Engineer,Software,"Broomfield, CO",US,Big Tech / Semi leader,,us-person-likely,Jun 09,On Site,jobright:SW,https://jobright.ai/jobs/info/6a06febd24dcb03739f1cb3c,listed<=7d jobright 2026-06-10
Anduril Industries,Software Engineer,Software,"Broomfield, Colorado, United States",US,Big Tech / Semi leader,,us-person-likely,Jun 09,On Site,jobright:SW,https://jobright.ai/jobs/info/68e2ddcbf758fe1f97e5afa1,listed<=7d jobright 2026-06-10
Anduril Industries,"Software Engineer, Intelligence Systems",Software,"Reston, VA (NOVA-01)",US,Big Tech / Semi leader,,us-person-likely,Jun 06,On Site,jobright:SW,https://jobright.ai/jobs/info/6a0f2f8972b52f7225f3b7cc,listed<=7d jobright 2026-06-10
Anduril Industries,"Software Engineer, Intelligence Systems",Software,"Reston, Virginia, United States",US,Big Tech / Semi leader,,us-person-likely,Jun 06,On Site,jobright:SW,https://jobright.ai/jobs/info/6a21c12f338c0123051205a1,listed<=7d jobright 2026-06-10
Anduril Industries,2026 Early Career Software Engineer,Software,"Seattle, WA",US,Big Tech / Semi leader,,us-person-likely,Jun 04,On Site,jobright:SW,https://jobright.ai/jobs/info/69e95cbe58811370cb12cf66,listed<=7d jobright 2026-06-10
Apple,Machine Learning Engineer - Visual Intelligence,Software,"Seattle, Washington, United States",US,Big Tech / Semi leader,,,Jun 04,On Site,jobright:ENG,https://jobright.ai/jobs/info/6a21e06cca8f0b365d7a9868,listed<=7d jobright 2026-06-10
Cadence,Software Engineer I,Software,"Austin, TX",US,Big Tech / Semi leader,,,Jun 05,On Site,jobright:SW,https://jobright.ai/jobs/info/6a0607ae7c753c287f6fe49c,listed<=7d jobright 2026-06-10
Cadence,"Software Engineer (Numerical Analysis, C++, Optimization, Mathematics) - New College Grad",Software,"BOSTON 02, US",US,Big Tech / Semi leader,,,Jun 05,On Site,jobright:SW,https://jobright.ai/jobs/info/6a0be68a963f7a67d95d3d35,listed<=7d jobright 2026-06-10
Cadence,"Software Engineer (Numerical Analysis, C++, Optimization, Mathematics) - New College Grad",Software,Greater Boston,US,Big Tech / Semi leader,,,Jun 05,On Site,jobright:SW,https://jobright.ai/jobs/info/6a060c43f3d6cc51d638e364,listed<=7d jobright 2026-06-10
Cadence,Software Engineer I,Software,"SAN JOSE, US",US,Big Tech / Semi leader,,,Jun 05,On Site,jobright:SW,https://jobright.ai/jobs/info/6a04ec9cbc4184089f240b32,listed<=7d jobright 2026-06-10
Cadence,Software Engineer I,Software,"San Jose, CA",US,Big Tech / Semi leader,,,Jun 05,On Site,jobright:SW,https://jobright.ai/jobs/info/6a060230320bff2205ea7070,listed<=7d jobright 2026-06-10
Cadence Design Systems,Software Engineer – New College Grad - Numerical Analysis - C++,Software,"Boston, MA",US,Big Tech / Semi leader,,,22d,,simplify:SW,https://cadence.wd1.myworkdayjobs.com/University_Talent/job/BOSTON-02/Software-Engineer--Numerical-Analysis--C----Optimization--Mathematics----New-College-Grad_R52506-1,list-bot-verified 2026-06-10
Cadence Design Systems,Software Engineer 1,Software,"San Jose, CA",US,Big Tech / Semi leader,,,27d,,simplify:SW,https://cadence.wd1.myworkdayjobs.com/External_Careers/job/SAN-JOSE/Software-Engineer-I_R54764-1,list-bot-verified 2026-06-10
Cerebras,Software Engineer New Grad,Software,"Sunnyvale, CA",US,Big Tech / Semi leader,,,0d,,simplify:SW,https://boards.greenhouse.io/embed/job_app?token=7621174003,list-bot-verified 2026-06-10
Cerebras,New Graduate Software Engineer - Sunnyvale,Software,"Sunnyvale, CA",US,Big Tech / Semi leader,,,verified Jun 10,,agent:US-direct,https://job-boards.greenhouse.io/earlytalentcerebras/jobs/7621174003,search-verified 2026-06-10 (Greenhouse application active)
Cerebras,New Grad - ML Stack Optimization Engineer,Software,US (see posting),US,Big Tech / Semi leader,,,verified Jun 10,,agent:US-direct,https://job-boards.greenhouse.io/cerebrassystems/jobs/7620986003,search-verified 2026-06-10 (Greenhouse application active)
Cisco,Software Engineer 1 - Devices Technology Group,Software,North Carolina,US,Big Tech / Semi leader,,,1d,,simplify:SW,https://cisco.wd5.myworkdayjobs.com/cisco_careers/job/RTP-North-Carolina-US/Software-Engineer-I--Full-Time----Devices-Technology-Group---United-States_2011256,list-bot-verified 2026-06-10
Cisco,Software Engineer 1,Software,"Research Triangle, Durham, NC",US,Big Tech / Semi leader,,,2mo,,simplify:HW,https://careers.cisco.com/global/en/job/2011256,list-bot-verified 2026-06-10
Figma,"Software Engineer, Full Stack",Software,"San Francisco, CA",US,Big Tech / Semi leader,,,Jun 05,Hybrid,jobright:SW,https://jobright.ai/jobs/info/6906b43363502c0aded82a7e,listed<=7d jobright 2026-06-10
Figma,"Software Engineer, Full Stack",Software,"San Francisco, CA • New York, NY • United States",US,Big Tech / Semi leader,,,Jun 05,On Site,jobright:SW,https://jobright.ai/jobs/info/690674c4122e8474c78e01eb,listed<=7d jobright 2026-06-10
Figma,"Software Engineer, Full Stack",Software,United States,US,Big Tech / Semi leader,,,Jun 05,Remote,jobright:SW,https://jobright.ai/jobs/info/6a072893078fec52738ab32c,listed<=7d jobright 2026-06-10
Figma,"Software Engineer, Full Stack",Software,"New York, NY",US,Big Tech / Semi leader,,,Jun 05,Hybrid,jobright:SW,https://jobright.ai/jobs/info/6a072893078fec52738ab325,listed<=7d jobright 2026-06-10
FlexAI,Software Engineer – New Grad,Software,"San Jose, CA",US,Big Tech / Semi leader,,,2mo,,simplify:SW,https://ats.rippling.com/flexai/jobs/93ada67c-8527-427c-b2f6-4a5557b00674,list-bot-verified 2026-06-10
GlobalFoundries,Systems Engineer - Networking,Software,"Richardson, TX",US,Big Tech / Semi leader,,,Jun 05,On Site,jobright:ENG,https://jobright.ai/jobs/info/6a14160a35df33047ace1593,listed<=7d jobright 2026-06-10
Google,Data Engineer,Software,"Austin, TX, USA",US,Big Tech / Semi leader,,,Jun 08,Hybrid,jobright:ENG,https://jobright.ai/jobs/info/6a272762ca77fd3096d25b9e,listed<=7d jobright 2026-06-10
Google,"Silicon System and Software Integration Engineer, University Graduate",Software,US (see posting),US,Big Tech / Semi leader,,,verified Jun 10,,agent:US-direct,https://www.google.com/about/careers/applications/jobs/results/116256918288114374-silicon-system-and-software-integration-engineer-university-graduate,search-verified 2026-06-10 (Google Careers ID+title match)
NVIDIA,Systems Software Engineer - New College Grad 2026,Software,"US, OR, Hillsboro",US,Big Tech / Semi leader,$172k/yr,,30d,,speedy:FAANG,https://nvidia.wd5.myworkdayjobs.com/en-US/nvidiaexternalcareersite/job/US-OR-Hillsboro/Systems-Software-Engineer---New-College-Grad-2026_JR2017083,list-bot-verified 2026-06-10
NVIDIA,Deep Learning Software Engineer - TensorRT Performance - New College Grad 2026,Software,"US, CA, Santa Clara",US,Big Tech / Semi leader,$172k/yr,,68d,,speedy:FAANG,https://nvidia.wd5.myworkdayjobs.com/en-US/nvidiaexternalcareersite/job/US-CA-Santa-Clara/Deep-Learning-Software-Engineer--TensorRT-Performance---New-College-Grad-2026_JR2015071,list-bot-verified 2026-06-10
NVIDIA,"Software Engineer, AI and DL Kernel Libraries - New College Grad 2026",Software,US (see posting),US,Big Tech / Semi leader,,,verified Jun 10,,agent:US-direct,https://nvidia.wd5.myworkdayjobs.com/en-US/NVIDIAExternalCareerSite/job/Software-Engineer--AI-and-DL-Kernel-Libraries---New-College-Grad-2026_JR2018473,search-verified 2026-06-10 (job+apply pages indexed)
Oracle,Software Developer,Software,"Kansas City, MO, United States",US,Big Tech / Semi leader,,,Jun 09,On Site,jobright:SW,https://jobright.ai/jobs/info/6a18ed4e54a441713ae89245,listed<=7d jobright 2026-06-10
Palantir Technologies,"Backend Software Engineer - Infrastructure, Foundations",Software,"New York, NY",US,Big Tech / Semi leader,,,Jun 06,Hybrid,jobright:SW,https://jobright.ai/jobs/info/68cccf42fa466330fef91b75,listed<=7d jobright 2026-06-10
PayPal,Machine Learning Engineer,Software,"Austin, Texas, United States of America",US,Big Tech / Semi leader,,,Jun 04,Hybrid,jobright:ENG,https://jobright.ai/jobs/info/6a079995403fc339507e658a,listed<=7d jobright 2026-06-10
PayPal,Machine Learning Engineer,Software,"Chicago, Illinois, United States of America",US,Big Tech / Semi leader,,,Jun 04,Hybrid,jobright:ENG,https://jobright.ai/jobs/info/6a079994403fc339507e6589,listed<=7d jobright 2026-06-10
Pinterest,"Software Engineer I, Backend",Software,"San Francisco, CA",US,Big Tech / Semi leader,,,Jun 09,Hybrid,jobright:SW,https://jobright.ai/jobs/info/6a28a89b1dbd8437bebcc98f,listed<=7d jobright 2026-06-10
Qualcomm,GPU Software Engineer,Software,"San Diego, CA",US,Big Tech / Semi leader,,,Jun 10,On Site,jobright:ENG,https://jobright.ai/jobs/info/6a0d235c0411d7417a1bfaf2,listed<=7d jobright 2026-06-10
Qualcomm,#Product Software Engineer,Software,"San Diego, CA",US,Big Tech / Semi leader,,,Jun 09,On Site,jobright:SW,https://jobright.ai/jobs/info/6a281e05883c0d3be653f87d,listed<=7d jobright 2026-06-10
Roblox,"Software Engineer, Storage",Software,"San Mateo, CA, United States",US,Big Tech / Semi leader,,,Jun 09,Hybrid,jobright:SW,https://jobright.ai/jobs/info/6a288e55883c0d3be6542c51,listed<=7d jobright 2026-06-10
Salesforce,"AI Builder, Emerging Talent",Software,"Illinois - Chicago, US",US,Big Tech / Semi leader,,,Jun 05,On Site,jobright:ENG,https://jobright.ai/jobs/info/69fad8c9d21cf86d1e3cd30c,listed<=7d jobright 2026-06-10
Salesforce,"AI Builder, Emerging Talent",Software,"Washington - Seattle, US",US,Big Tech / Semi leader,,,Jun 05,On Site,jobright:ENG,https://jobright.ai/jobs/info/69fadb9938179b6f1ae72aa1,listed<=7d jobright 2026-06-10
Salesforce,"AI Builder, Emerging Talent",Software,"Massachusetts - Burlington, US",US,Big Tech / Semi leader,,,Jun 05,On Site,jobright:ENG,https://jobright.ai/jobs/info/69fad8b5e1560008411539c2,listed<=7d jobright 2026-06-10
Salesforce,"AI Builder, Emerging Talent",Software,"Georgia - Atlanta, US",US,Big Tech / Semi leader,,,Jun 05,On Site,jobright:ENG,https://jobright.ai/jobs/info/69fad8b5e1560008411539c3,listed<=7d jobright 2026-06-10
Salesforce,"AI Builder, Emerging Talent",Software,"California - San Francisco, US",US,Big Tech / Semi leader,,,Jun 05,On Site,jobright:ENG,https://jobright.ai/jobs/info/69fad8b5e1560008411539be,listed<=7d jobright 2026-06-10
Sony Interactive Entertainment,Software Engineer 1,Software,"San Diego, CA",US,Big Tech / Semi leader,,,18d,,simplify:SW,https://job-boards.greenhouse.io/sonyinteractiveentertainmentglobal/jobs/5859292004,list-bot-verified 2026-06-10
Sony Interactive Entertainment,Software Engineer I,Software,USA-WI-Madison,US,Big Tech / Semi leader,,,Jun 04,On Site,jobright:SW,https://jobright.ai/jobs/info/6a1bb40e2b206f3955eba394,listed<=7d jobright 2026-06-10
Sony Interactive Entertainment,Software Engineer I,Software,"United States, Los Angeles, CA",US,Big Tech / Semi leader,,,Jun 04,On Site,jobright:SW,https://jobright.ai/jobs/info/6a1bb4112b206f3955eba395,listed<=7d jobright 2026-06-10
SpaceX,"Software Engineer, Data (Starlink)",Software,"Hawthorne, CA",US,Big Tech / Semi leader,,us-person-likely,Jun 09,On Site,jobright:ENG,https://jobright.ai/jobs/info/6a28e1f9fd37e62bb47aba13,listed<=7d jobright 2026-06-10
SpaceX,"Software Engineer, Network Monitoring (Starlink)",Software,"Hawthorne, CA",US,Big Tech / Semi leader,,us-person-likely,Jun 08,On Site,jobright:ENG,https://jobright.ai/jobs/info/6a2720492056260dd6e85436,listed<=7d jobright 2026-06-10
SpaceX,"Software Engineer, Geospatial Data (Starshield)",Software,"Hawthorne, CA",US,Big Tech / Semi leader,,us-person-likely,Jun 05,On Site,jobright:ENG,https://jobright.ai/jobs/info/6a21be6ec00e701fe8370628,listed<=7d jobright 2026-06-10
SpaceX,Quality Systems Engineer (Starlink Aviation),Software,"Woodinville, WA",US,Big Tech / Semi leader,,us-person-likely,Jun 04,On Site,jobright:ENG,https://jobright.ai/jobs/info/6a1ee3eea507373dff6bbec6,listed<=7d jobright 2026-06-10
SpaceX,Wireless Systems Engineer (Starlink Mobile),Software,"Sunnyvale, CA",US,Big Tech / Semi leader,,us-person-likely,Jun 04,On Site,jobright:ENG,https://jobright.ai/jobs/info/6a04c30e22395b6dc6da081e,listed<=7d jobright 2026-06-10
SpaceX,Software Engineer (Starlink Enterprise),Software,"Redmond, WA",US,Big Tech / Semi leader,,us-person-likely,Jun 10,On Site,jobright:SW,https://jobright.ai/jobs/info/6a166df2202ae849ed8d2f1b,listed<=7d jobright 2026-06-10
SpaceX,Software Engineer (Starlink),Software,"Redmond, WA",US,Big Tech / Semi leader,,us-person-likely,Jun 10,On Site,jobright:SW,https://jobright.ai/jobs/info/6a06fb5d4a0a6a7e7d81dab7,listed<=7d jobright 2026-06-10
SpaceX,Full Stack Software Engineer (Application Software),Software,"Hawthorne, CA",US,Big Tech / Semi leader,,us-person-likely,Jun 10,On Site,jobright:SW,https://jobright.ai/jobs/info/6a17a3b881fe455c705aa7eb,listed<=7d jobright 2026-06-10
SpaceX,Software Infrastructure Engineer (Starlink),Software,"Redmond, WA",US,Big Tech / Semi leader,,us-person-likely,Jun 09,On Site,jobright:SW,https://jobright.ai/jobs/info/6a21be6e902d19201c7b972a,listed<=7d jobright 2026-06-10
SpaceX,Satellite Systems Software Engineer (Starlink),Software,"Redmond, WA",US,Big Tech / Semi leader,,us-person-likely,Jun 07,On Site,jobright:SW,https://jobright.ai/jobs/info/697bde9c1136d179eeef75c3,listed<=7d jobright 2026-06-10
SpaceX,"New Graduate Engineer, Software",Software,"Hawthorne, CA",US,Big Tech / Semi leader,,us-person-likely,Jun 07,On Site,jobright:SW,https://jobright.ai/jobs/info/6a11439d83d714428982b013,listed<=7d jobright 2026-06-10
SpaceX,"Software Engineer, Tracking (Starshield)",Software,"Hawthorne, CA",US,Big Tech / Semi leader,,us-person-likely,Jun 07,On Site,jobright:SW,https://jobright.ai/jobs/info/69963bd3ce78e77b4fda3273,listed<=7d jobright 2026-06-10
SpaceX,"Software Engineer, Simulations (Starlink)",Software,"Redmond, WA",US,Big Tech / Semi leader,,us-person-likely,Jun 06,On Site,jobright:SW,https://jobright.ai/jobs/info/697bd7e40b88cc7d6422aecc,listed<=7d jobright 2026-06-10
SpaceX,"Software Engineer, HITL - Top Secret Clearance",Software,"Hawthorne, CA",US,Big Tech / Semi leader,,us-person-likely,Jun 04,On Site,jobright:SW,https://jobright.ai/jobs/info/6a2212af7c30cc2cc516d33d,listed<=7d jobright 2026-06-10
SpaceX,"Software Engineer, Collision Avoidance (Starshield)",Software,"Hawthorne, CA",US,Big Tech / Semi leader,,us-person-likely,Jun 04,On Site,jobright:SW,https://jobright.ai/jobs/info/6a21f652c00e701fe837227e,listed<=7d jobright 2026-06-10
SpaceX,Simulation Software Engineer (Application Software),Software,"Hawthorne, CA",US,Big Tech / Semi leader,,us-person-likely,Jun 04,On Site,jobright:SW,https://jobright.ai/jobs/info/69cc896ee1921223acc79132,listed<=7d jobright 2026-06-10
SpaceX,"Software Engineer, Telemetry (Starlink)",Software,"Hawthorne, CA",US,Big Tech / Semi leader,,us-person-likely,Jun 04,On Site,jobright:SW,https://jobright.ai/jobs/info/69c3770f94007a2195dff5f2,listed<=7d jobright 2026-06-10
SpaceX,"Full Stack Software Engineer, Constellation Tools (Starlink)",Software,"Redmond, WA",US,Big Tech / Semi leader,,us-person-likely,Jun 04,On Site,jobright:SW,https://jobright.ai/jobs/info/6a2169eaca8f0b365d7a60ec,listed<=7d jobright 2026-06-10
Tenstorrent,"Engineer, SoC Infrastructure",Software,"Santa Clara, CA",US,Big Tech / Semi leader,,,Jun 04,Hybrid,jobright:ENG,https://jobright.ai/jobs/info/6a05afdba88ea73abf7f2b31,listed<=7d jobright 2026-06-10
Tenstorrent,"Engineer, SoC Infrastructure",Software,"Santa Clara, California, United States",US,Big Tech / Semi leader,,,Jun 04,Hybrid,jobright:ENG,https://jobright.ai/jobs/info/6a05a70bf3d6cc51d638a3a2,listed<=7d jobright 2026-06-10
Tenstorrent,"Engineer, SoC Infrastructure",Software,Santa Clara,US,Big Tech / Semi leader,,,Jun 04,Hybrid,jobright:ENG,https://jobright.ai/jobs/info/6a06f50c0c32ea30367846a0,listed<=7d jobright 2026-06-10
Tenstorrent,Software Engineer - AI Accelerator - New Grad,Software,US (see posting),US,Big Tech / Semi leader,,,verified Jun 10,,agent:US-direct,https://tenstorrent.breezy.hr/p/b0f2c20d8aa2-software-engineer-ai-accelerator-new-grad,search-verified 2026-06-10 (Breezy slug+title active)
Teradyne,"Software Engineer, New College Graduate",Software,"North Reading, MA",US,Big Tech / Semi leader,,,verified Jun 10,,agent:US-direct,"https://jobs.teradyne.com/Teradyne/job/North-Reading-Software-Engineer,-New-College-Graduate,-(Teradyne,-North-Reading,-MA)-MA/1390630400/",search-verified 2026-06-10 (exact title active on LinkedIn)
Tesla,"Technical Sourcer, AI & Robotics",Software,"Palo Alto, CA",US,Big Tech / Semi leader,,,Jun 09,On Site,jobright:ENG,https://jobright.ai/jobs/info/6a289e7c1dbd8437bebcc6b1,listed<=7d jobright 2026-06-10
Texas Instruments,Software Engineering Rotation Program,Software,"Dallas, TX",US,Big Tech / Semi leader,,,verified Jun 10,,agent:US-direct,https://careers.ti.com/job/16564567/software-engineering-rotation-program-dallas-tx/,search-verified 2026-06-10 (careers.ti.com ID 16564567)
TikTok,"Software Engineer, Ads Data",Software,San Jose,US,Big Tech / Semi leader,,,Jun 05,On Site,jobright:ENG,https://jobright.ai/jobs/info/6a22de5f4239a4353887d0ec,listed<=7d jobright 2026-06-10
TikTok,Product Designer (Design Engineering AI workflow) - TikTok,Software,San Jose,US,Big Tech / Semi leader,,,Jun 05,On Site,jobright:ENG,https://jobright.ai/jobs/info/6a2288d094d89a1392b520bd,listed<=7d jobright 2026-06-10
TikTok,"Software Engineer, C/C++ SDK Performance Optimization",Software,San Jose,US,Big Tech / Semi leader,,,Jun 10,On Site,jobright:SW,https://jobright.ai/jobs/info/6a299173495d985b994243e2,listed<=7d jobright 2026-06-10
TikTok,"Software Engineer, TikTok LIVE - Foundation - Governance",Software,San Jose,US,Big Tech / Semi leader,,,Jun 04,On Site,jobright:SW,https://jobright.ai/jobs/info/6a0944326186f4685988c144,listed<=7d jobright 2026-06-10
Twitch,Software Engineer 1,Software,"Seattle, WA; SF",US,Big Tech / Semi leader,,,27d,,simplify:SW,https://job-boards.greenhouse.io/twitch/jobs/8548960002,list-bot-verified 2026-06-10
Twitch,Software Engineer 1,Software,SF,US,Big Tech / Semi leader,,,27d,,simplify:SW,https://job-boards.greenhouse.io/twitch/jobs/8367555002,list-bot-verified 2026-06-10
Twitch,Software Engineer 1 - Commerce Engineering,Software,"Seattle, WA; SF",US,Big Tech / Semi leader,,,2mo,,simplify:SW,https://job-boards.greenhouse.io/twitch/jobs/8459320002,list-bot-verified 2026-06-10
Twitch,"Software Engineer, Creator Sponsorships",Software,"Seattle, WA",US,Big Tech / Semi leader,,,Jun 04,Hybrid,jobright:SW,https://jobright.ai/jobs/info/6a224ab17c30cc2cc516e1c6,listed<=7d jobright 2026-06-10
Twitch,"Software Engineer, Creator Sponsorships",Software,"San Francisco, CA",US,Big Tech / Semi leader,,,Jun 04,Hybrid,jobright:SW,https://jobright.ai/jobs/info/6a224aad7c30cc2cc516e1c1,listed<=7d jobright 2026-06-10
Twitch,Software Engineer I,Software,"San Francisco, CA",US,Big Tech / Semi leader,,,Jun 04,On Site,jobright:SW,https://jobright.ai/jobs/info/6a04e1c422395b6dc6da1900,listed<=7d jobright 2026-06-10
Twitch,Software Engineer I,Software,"Seattle, WA",US,Big Tech / Semi leader,,,Jun 04,On Site,jobright:SW,https://jobright.ai/jobs/info/6a17bed8f45c6530ce9af294,listed<=7d jobright 2026-06-10
Twitch,Software Engineer I - Ad Supply Experiences,Software,"San Francisco, CA",US,Big Tech / Semi leader,$193k/yr,,47d,,speedy:FAANG,https://job-boards.greenhouse.io/twitch/jobs/8519628002,list-bot-verified 2026-06-10
Twitch,Software Engineer I - Commerce Engineering,Software,"San Francisco, CA",US,Big Tech / Semi leader,$193k/yr,,77d,,speedy:FAANG,https://job-boards.greenhouse.io/twitch/jobs/8457711002,list-bot-verified 2026-06-10
Uber,Graduate 2026 Software Engineer I - Mobile - Android,Software,"San Francisco, California, United States",US,Big Tech / Semi leader,$173k/yr,,67d,,speedy:FAANG,https://www.uber.com/global/en/careers/list/158037,list-bot-verified 2026-06-10
Uber,Graduate 2026 Software Engineer I - Mobile - iOS,Software,"San Francisco, California, United States",US,Big Tech / Semi leader,$173k/yr,,68d,,speedy:FAANG,https://www.uber.com/global/en/careers/list/158011,list-bot-verified 2026-06-10
Western Digital,"New College Grad Engineer, Software Development Test Engineering",Software,"Irvine, CA",US,Big Tech / Semi leader,,,verified Jun 10,,agent:US-direct,https://jobs.smartrecruiters.com/WesternDigital/743999841330901-new-college-grad-engineer-software-development-test-engineering,search-verified 2026-06-10 (SmartRecruiters active posting)
xAI,AI Tutor - Audio Editing,Software,United States,US,Big Tech / Semi leader,,,Jun 10,Remote,jobright:ENG,https://jobright.ai/jobs/info/6a06ea944b07a86277877be6,listed<=7d jobright 2026-06-10
xAI,AI Tutor - Swahili,Software,United States,US,Big Tech / Semi leader,,,Jun 09,Remote,jobright:ENG,https://jobright.ai/jobs/info/6a0b7d2b22d0d34036c8cf0c,listed<=7d jobright 2026-06-10
xAI,Data Engineer,Software,"Palo Alto, CA",US,Big Tech / Semi leader,,,Jun 07,On Site,jobright:ENG,https://jobright.ai/jobs/info/6a1d04509111f771d1a170b5,listed<=7d jobright 2026-06-10
xAI,AI Tutor - Arabic,Software,United States,US,Big Tech / Semi leader,,,Jun 06,Remote,jobright:ENG,https://jobright.ai/jobs/info/69eb056a58811370cb136443,listed<=7d jobright 2026-06-10
xAI,AI Tutor - Portuguese,Software,United States,US,Big Tech / Semi leader,,,Jun 06,Remote,jobright:ENG,https://jobright.ai/jobs/info/69e938260a6e09555303a5ff,listed<=7d jobright 2026-06-10
xAI,AI Tutor - Korean,Software,United States,US,Big Tech / Semi leader,,,Jun 05,Remote,jobright:ENG,https://jobright.ai/jobs/info/6a06ea8eb897ee41d28314ce,listed<=7d jobright 2026-06-10
xAI,AI Tutor - Vietnamese,Software,United States,US,Big Tech / Semi leader,,,Jun 05,Remote,jobright:ENG,https://jobright.ai/jobs/info/6a06ea91f400923a0090b4fe,listed<=7d jobright 2026-06-10
xAI,AI Tutor - Turkish,Software,United States,US,Big Tech / Semi leader,,,Jun 05,Remote,jobright:ENG,https://jobright.ai/jobs/info/69cdb750366bb95ba5501f6f,listed<=7d jobright 2026-06-10
xAI,AI Tutor - Hindi,Software,United States,US,Big Tech / Semi leader,,,Jun 05,Remote,jobright:ENG,https://jobright.ai/jobs/info/6a06ea9933c2ed3770bca079,listed<=7d jobright 2026-06-10
xAI,AI Tutor - Thai,Software,United States,US,Big Tech / Semi leader,,,Jun 05,Remote,jobright:ENG,https://jobright.ai/jobs/info/6a06ea8a4f290f7450ea4093,listed<=7d jobright 2026-06-10
xAI,AI Tutor - German,Software,United States,US,Big Tech / Semi leader,,,Jun 05,Remote,jobright:ENG,https://jobright.ai/jobs/info/69ccd696366bb95ba54f72e4,listed<=7d jobright 2026-06-10
xAI,AI Tutor - Japanese,Software,"Palo Alto, CA",US,Big Tech / Semi leader,,,Jun 05,Remote,jobright:ENG,https://jobright.ai/jobs/info/69e912b13aa0c479643a6bac,listed<=7d jobright 2026-06-10
xAI,AI Tutor - Dutch,Software,United States,US,Big Tech / Semi leader,,,Jun 05,Remote,jobright:ENG,https://jobright.ai/jobs/info/69e8ef4858811370cb129267,listed<=7d jobright 2026-06-10
xAI,AI Tutor - Italian,Software,United States,US,Big Tech / Semi leader,,,Jun 05,Remote,jobright:ENG,https://jobright.ai/jobs/info/69e8eb5a3aa0c479643a5a56,listed<=7d jobright 2026-06-10
xAI,AI Tutor - Urdu,Software,United States,US,Big Tech / Semi leader,,,Jun 05,Remote,jobright:ENG,https://jobright.ai/jobs/info/69eac3ad3aa0c479643b17ae,listed<=7d jobright 2026-06-10
xAI,AI Tutor - Swedish,Software,United States,US,Big Tech / Semi leader,,,Jun 05,Remote,jobright:ENG,https://jobright.ai/jobs/info/69e9c71ae0cd471b2f13f346,listed<=7d jobright 2026-06-10
xAI,AI Tutor - Portuguese,Software,"Palo Alto, CA",US,Big Tech / Semi leader,,,Jun 05,Remote,jobright:ENG,https://jobright.ai/jobs/info/69e911067820c036924e4d53,listed<=7d jobright 2026-06-10
xAI,AI Tutor - Chinese,Software,United States,US,Big Tech / Semi leader,,,Jun 05,Remote,jobright:ENG,https://jobright.ai/jobs/info/69cd8189cfdc6132f941a18c,listed<=7d jobright 2026-06-10
xAI,AI Tutor - Dutch,Software,"Palo Alto, CA",US,Big Tech / Semi leader,,,Jun 05,Remote,jobright:ENG,https://jobright.ai/jobs/info/69e9118558811370cb12a1e6,listed<=7d jobright 2026-06-10
xAI,AI Tutor - Marathi,Software,United States,US,Big Tech / Semi leader,,,Jun 05,Remote,jobright:ENG,https://jobright.ai/jobs/info/6a17a240b091c7417c500336,listed<=7d jobright 2026-06-10
xAI,AI Tutor - Hebrew,Software,United States,US,Big Tech / Semi leader,,,Jun 05,Remote,jobright:ENG,https://jobright.ai/jobs/info/69cdacc3398fb071abf7b2f9,listed<=7d jobright 2026-06-10
xAI,AI Tutor - Tagalog,Software,United States,US,Big Tech / Semi leader,,,Jun 05,Remote,jobright:ENG,https://jobright.ai/jobs/info/6a20dcb24bdf8a5a96bd369d,listed<=7d jobright 2026-06-10
xAI,AI Tutor - Gujarati,Software,United States,US,Big Tech / Semi leader,,,Jun 05,Remote,jobright:ENG,https://jobright.ai/jobs/info/6a06eaa138dbee7915cf778a,listed<=7d jobright 2026-06-10
xAI,AI Tutor - Tamil,Software,United States,US,Big Tech / Semi leader,,,Jun 05,Remote,jobright:ENG,https://jobright.ai/jobs/info/69eac3690a6e095553042b4b,listed<=7d jobright 2026-06-10
xAI,AI Tutor - Spanish,Software,United States,US,Big Tech / Semi leader,,,Jun 05,Remote,jobright:ENG,https://jobright.ai/jobs/info/6a06ea8a4f290f7450ea408e,listed<=7d jobright 2026-06-10
xAI,AI Tutor - Tagalog,Software,"Palo Alto, CA",US,Big Tech / Semi leader,,,Jun 05,Remote,jobright:ENG,https://jobright.ai/jobs/info/69e911067820c036924e4d55,listed<=7d jobright 2026-06-10
xAI,AI Tutor - French,Software,United States,US,Big Tech / Semi leader,,,Jun 05,Remote,jobright:ENG,https://jobright.ai/jobs/info/6a06ea8933c2ed3770bca06a,listed<=7d jobright 2026-06-10
xAI,AI Tutor - Polish,Software,"Palo Alto, CA",US,Big Tech / Semi leader,,,Jun 05,Remote,jobright:ENG,https://jobright.ai/jobs/info/69e911067820c036924e4d51,listed<=7d jobright 2026-06-10
xAI,AI Tutor - Punjabi,Software,United States,US,Big Tech / Semi leader,,,Jun 05,Remote,jobright:ENG,https://jobright.ai/jobs/info/6a06ea8a4f290f7450ea4092,listed<=7d jobright 2026-06-10
xAI,AI Tutor - Bengali,Software,United States,US,Big Tech / Semi leader,,,Jun 05,Remote,jobright:ENG,https://jobright.ai/jobs/info/69ccd5e9891d7b11cfcb4111,listed<=7d jobright 2026-06-10
xAI,AI Tutor - Polish,Software,United States,US,Big Tech / Semi leader,,,Jun 05,Remote,jobright:ENG,https://jobright.ai/jobs/info/6a06eab038dbee7915cf77a6,listed<=7d jobright 2026-06-10
xAI,AI Tutor - Danish,Software,"Palo Alto, CA",US,Big Tech / Semi leader,,,Jun 05,Remote,jobright:ENG,https://jobright.ai/jobs/info/69e912b07820c036924e4db9,listed<=7d jobright 2026-06-10
xAI,AI Tutor - Norwegian,Software,United States,US,Big Tech / Semi leader,,,Jun 05,Remote,jobright:ENG,https://jobright.ai/jobs/info/6a06eaaa4b07a86277877c10,listed<=7d jobright 2026-06-10
xAI,AI Tutor - Danish,Software,United States,US,Big Tech / Semi leader,,,Jun 05,Remote,jobright:ENG,https://jobright.ai/jobs/info/6a06ea7eb897ee41d28314b2,listed<=7d jobright 2026-06-10
xAI,AI Tutor - Italian,Software,"Palo Alto, CA",US,Big Tech / Semi leader,,,Jun 04,Remote,jobright:ENG,https://jobright.ai/jobs/info/69e911144b0fa35a7076b417,listed<=7d jobright 2026-06-10
xAI,AI Tutor - Telugu,Software,United States,US,Big Tech / Semi leader,,,Jun 04,Remote,jobright:ENG,https://jobright.ai/jobs/info/69cdb750366bb95ba5501f6e,listed<=7d jobright 2026-06-10
xAI,AI Tutor - Punjabi,Software,"Palo Alto, CA",US,Big Tech / Semi leader,,,Jun 04,Remote,jobright:ENG,https://jobright.ai/jobs/info/69e949797820c036924e7062,listed<=7d jobright 2026-06-10
xAI,AI Tutor - Gujarati,Software,"Palo Alto, CA",US,Big Tech / Semi leader,,,Jun 04,Remote,jobright:ENG,https://jobright.ai/jobs/info/69e913d4e0cd471b2f13a2e2,listed<=7d jobright 2026-06-10
xAI,AI Healthcare and Administration Tutor,Software,United States,US,Big Tech / Semi leader,,,Jun 04,Remote,jobright:ENG,https://jobright.ai/jobs/info/69c34d3a753c101b2156f4c7,listed<=7d jobright 2026-06-10
xAI,AI Healthcare and Administration Tutor,Software,"Palo Alto, CA",US,Big Tech / Semi leader,,,Jun 04,Remote,jobright:ENG,https://jobright.ai/jobs/info/6a06ea7bb897ee41d28314a7,listed<=7d jobright 2026-06-10
xAI,AI Tutor - Telugu,Software,"Palo Alto, CA",US,Big Tech / Semi leader,,,Jun 04,Remote,jobright:ENG,https://jobright.ai/jobs/info/69e913fbe0cd471b2f13a2eb,listed<=7d jobright 2026-06-10
xAI,AI Tutor - Finnish,Software,United States,US,Big Tech / Semi leader,,,Jun 04,Remote,jobright:ENG,https://jobright.ai/jobs/info/6a06eaa24b07a86277877bff,listed<=7d jobright 2026-06-10
Xaira Therapeutics,AI in Residence,Software,"South San Francisco, California, United States",US,Big Tech / Semi leader,,,Jun 08,On Site,jobright:ENG,https://jobright.ai/jobs/info/6a277416dd8e783ddaa0a155,listed<=7d jobright 2026-06-10
🔥 Amazon,Software Engineer 1,Software,"Seattle, WA; SF",US,Big Tech / Semi leader,,,13d,,simplify:SW,https://amazon.jobs/en/jobs/3141336/software-engineer-i,list-bot-verified 2026-06-10
🔥 Amazon,Data Engineer 1 - AWS WW Field Enablement - Analytics and Product Operations,Software,"Seattle, WA",US,Big Tech / Semi leader,,,1mo,,simplify:AIML,https://amazon.jobs/en/jobs/10410579/data-engineer-i-aws-ww-field-enablement-analytics-and-product-operations,list-bot-verified 2026-06-10
🔥 NVIDIA,Applied Machine Learning Engineer – New College Grad 2026 - Circuit Design,Software,"Santa Clara, CA",US,Big Tech / Semi leader,,,4mo,,simplify:AIML,https://nvidia.wd5.myworkdayjobs.com/NVIDIAExternalCareerSite/job/US-CA-Santa-Clara/Applied-Machine-Learning-Engineer--Circuit-Design---New-College-Grad-2026_JR2011517,list-bot-verified 2026-06-10
🔥 Salesforce,Software Engineer 1 - Service Network - Slack,Software,"Seattle, WA; SF",US,Big Tech / Semi leader,,,6d,,simplify:SW,https://salesforce.wd12.myworkdayjobs.com/External_Career_Site/job/Washington---Seattle/Software-Engineer-I--Service-Network---Slack_JR342034-1,list-bot-verified 2026-06-10
🔥 Uber,Software Engineer 1,Software,"Sunnyvale, CA",US,Big Tech / Semi leader,,,2mo,,simplify:SW,https://www.uber.com/global/en/careers/list/156116/,list-bot-verified 2026-06-10
Optiver,Graduate FPGA Engineer (2026 Start - Chicago),RTL / ASIC Design,"Chicago, IL",US,Quant/HFT (top salary),,,verified Jun 10,,agent:US-direct,https://optiver.com/working-at-optiver/career-opportunities/8033327002/,search-verified 2026-06-10 (Optiver + BuiltIn Chicago list)
Optiver,Graduate FPGA Engineer,RTL / ASIC Design,US (see posting),US,Quant/HFT (top salary),,,verified Jun 10,,agent:US-direct,https://optiver.com/working-at-optiver/career-opportunities/8057449002/,search-verified 2026-06-10 (Optiver ID 8057449002 match)
Akuna Capital University,Junior Quantitative Researcher - Prediction Markets,Software,"Chicago, IL",US,Quant/HFT (top salary),,,1mo,,simplify:Quant,https://www.akunacapital.com/careers/job/7863348/?gh_jid=7863348,list-bot-verified 2026-06-10
Aquatic Capital Management,Software Engineer – Early Career,Software,"Chicago, IL; NYC",US,Quant/HFT (top salary),,,2mo,,simplify:SW,https://job-boards.greenhouse.io/aquaticcapitalmanagement/jobs/8489226002,list-bot-verified 2026-06-10
Citadel Securities,Software Engineer – University Graduate - US,Software,"Miami, FL; NYC",US,Quant/HFT (top salary),,,7mo,,simplify:SW,https://www.citadelsecurities.com/careers/details/software-engineer-university-graduate-us/,list-bot-verified 2026-06-10
DRW,Trade Systems Engineer,Software,Chicago,US,Quant/HFT (top salary),,,Jun 04,On Site,jobright:ENG,https://jobright.ai/jobs/info/6a12eb1d83d714428982f56d,listed<=7d jobright 2026-06-10
DV Trading LLC,Software Developer (New York),Software,New York,US,Quant/HFT (top salary),,,Jun 09,On Site,jobright:SW,https://jobright.ai/jobs/info/6a2856871dbd8437bebca747,listed<=7d jobright 2026-06-10
DV Trading LLC,Software Developer (Chicago),Software,"Chicago, IL",US,Quant/HFT (top salary),,,Jun 05,Hybrid,jobright:SW,https://jobright.ai/jobs/info/6a06078b7c753c287f6fe400,listed<=7d jobright 2026-06-10
Geneva Trading,Junior Software Engineer,Software,"Chicago, IL",US,Quant/HFT (top salary),,,2mo,,simplify:SW,https://job-boards.greenhouse.io/genevatrading/jobs/5085231007,list-bot-verified 2026-06-10
Hudson River Trading,Junior Quantitative Latency Engineer,Software,London,US,Quant/HFT (top salary),,,Jun 08,On Site,jobright:ENG,https://jobright.ai/jobs/info/6a06ebc64b07a86277877de4,listed<=7d jobright 2026-06-10
Hudson River Trading,Junior Quantitative Latency Engineer,Software,"Chicago, Illinois, United States",US,Quant/HFT (top salary),,,Jun 08,On Site,jobright:ENG,https://jobright.ai/jobs/info/6a1223f412f8b43cf398bfed,listed<=7d jobright 2026-06-10
Hudson River Trading,Junior Quantitative Latency Engineer,Software,New York City,US,Quant/HFT (top salary),,,Jun 08,On Site,jobright:ENG,https://jobright.ai/jobs/info/6a06ebc64b07a86277877de9,listed<=7d jobright 2026-06-10
Hudson River Trading,Junior Quantitative Latency Engineer,Software,Chicago,US,Quant/HFT (top salary),,,Jun 08,On Site,jobright:ENG,https://jobright.ai/jobs/info/6a06ebc64b07a86277877de8,listed<=7d jobright 2026-06-10
Hudson River Trading,Junior Quantitative Latency Engineer,Software,"New York, NY, United States",US,Quant/HFT (top salary),,,Jun 08,On Site,jobright:ENG,https://jobright.ai/jobs/info/6a06ebc74b07a86277877dee,listed<=7d jobright 2026-06-10
Hudson River Trading,Junior Quantitative Latency Engineer,Software,Austin,US,Quant/HFT (top salary),,,Jun 08,On Site,jobright:ENG,https://jobright.ai/jobs/info/6a1223f412f8b43cf398bfea,listed<=7d jobright 2026-06-10
IMC Trading,"Software Engineer, Early Career",Software,"Chicago, United States",US,Quant/HFT (top salary),,,Jun 04,On Site,jobright:SW,https://jobright.ai/jobs/info/6a214f79c00e701fe836de8d,listed<=7d jobright 2026-06-10
Squarepoint,Junior Quant Researcher - ML Alpha Research,Software,New York,US,Quant/HFT (top salary),,,Jun 04,On Site,jobright:ENG,https://jobright.ai/jobs/info/6a222ec6ca8f0b365d7ab247,listed<=7d jobright 2026-06-10
Squarepoint,Junior Quant Researcher - ML Alpha Research,Software,London,US,Quant/HFT (top salary),,,Jun 04,On Site,jobright:ENG,https://jobright.ai/jobs/info/6a222ec6ca8f0b365d7ab246,listed<=7d jobright 2026-06-10
Susquehanna International Group (SIG),Quantitative Strategy Developer New Grad,Software,"Ardmore, PA",US,Quant/HFT (top salary),,,4mo,,simplify:Quant,https://careers-sig.icims.com/jobs/9531/job?mobile=true&needsRedirect=false,list-bot-verified 2026-06-10
TransMarket Group,Junior Quantitative Trader,Software,"Chicago, IL",US,Quant/HFT (top salary),,,7d,,simplify:Quant,https://job-boards.greenhouse.io/transmarketgroup/jobs/5151574007?gh_jid=5151574007,list-bot-verified 2026-06-10
Base-2 Solutions,Junior Software Engineer,Software,"Hanover, MD",US,Semiconductor (TW/global),,,Jun 10,On Site,jobright:SW,https://jobright.ai/jobs/info/6a296ae91de59e0682a7efb0,listed<=7d jobright 2026-06-10
Base-2 Solutions,Junior Software Engineer,Software,"Annapolis Junction, MD",US,Semiconductor (TW/global),,,Jun 09,On Site,jobright:SW,https://jobright.ai/jobs/info/6a28da757061b51a3a5f8424,listed<=7d jobright 2026-06-10
Cleveland-Cliffs,AI Cybersecurity Engineer,Software,"Corporate Headquarters, US",US,Semiconductor (TW/global),,,Jun 05,On Site,jobright:ENG,https://jobright.ai/jobs/info/69f0b8d5ecbc8c2f73200d63,listed<=7d jobright 2026-06-10
JPMorganChase,"Associate, Automation Testing Java Developer",Software,"880 Powder Mill Rd, Wilmington, DE, 19803, US",US,Semiconductor (TW/global),,,Jun 05,On Site,jobright:SW,https://jobright.ai/jobs/info/69f393fbc78b9e451895643e,listed<=7d jobright 2026-06-10
Major League Baseball (MLB),Associate Software Engineer,Software,"San Francisco, CA",US,Semiconductor (TW/global),,,Jun 09,On Site,jobright:SW,https://jobright.ai/jobs/info/69efda104b0fa35a7078c23a,listed<=7d jobright 2026-06-10
Boeing,FPGA Design Engineer,RTL / ASIC Design,"USA - Huntsville, AL, US",US,Other,,us-person-likely,Jun 04,On Site,jobright:ENG,https://jobs.boeing.com/en/job/huntsville/fpga-design-engineer/185/93463697648,search-verified 2026-06-10; direct employer link (jobs.boeing.com posted Apr 2026)
Coherent Corp.,Embedded Systems Software & FPGA Programmer,RTL / ASIC Design,"343 Daniel Zenker Drive, Horseheads, NY, 14845, US",US,Other,,,Jun 04,On Site,jobright:ENG,https://hcwp.fa.us2.oraclecloud.com/hcmUI/CandidateExperience/en/sites/CX_1/job/2006535/,search-verified 2026-06-10; direct employer link (live on Coherent Oracle ATS)
Collins Aerospace,Electrical ASIC/FPGA Engineer I (Onsite),RTL / ASIC Design,"Cedar Rapids, IA",US,Other,,us-person-likely,Jun 10,On Site,jobright:ENG,https://careers.rtx.com/global/en/job/01715804/Electrical-Engineer-I-ASIC-FPGA-Onsite,search-verified 2026-06-10; direct employer link (RTX careers req live)
Lockheed Martin,ASIC & FPGA Design Engineer – Early Career,RTL / ASIC Design,"Liverpool, NY",US,Other,,us-person-likely,Jun 08,On Site,jobright:ENG,https://www.lockheedmartinjobs.com/job/liverpool/asic-and-fpga-design-engineer-syracuse-ny/694/76683361872,search-verified 2026-06-10; direct employer link (LM Liverpool posting live)
RTX,Electrical ASIC/FPGA Engineer 1,RTL / ASIC Design,"Cedar Rapids, IA",US,Other,,us-person-likely,4mo,,simplify:HW,https://globalhr.wd5.myworkdayjobs.com/rec_rtx_ext_gateway/job/US-IA-CEDAR-RAPIDS-121--350-Collins-Rd-NE--BLDG-121/Electrical-Engineer-I---ASIC-FPGA_01793226,list-bot-verified 2026-06-10
Accenture Federal Services,Embedded Developer 0,Firmware / Embedded,"Annapolis Junction, MD",US,Other,,,Jun 04,On Site,jobright:SW,https://jobright.ai/jobs/info/6a18a46054a441713ae86e78,listed<=7d jobright 2026-06-10; search-confirmed 2026-06-10
Blue Origin,Avionics Software – Early Career - Embedded - Engineer I,Firmware / Embedded,"LA; Kent, WA",US,Other,,us-person-likely,4mo,,simplify:HW,https://blueorigin.wd5.myworkdayjobs.com/blueorigin/job/Greater-Seattle-Area/Avionics-Software--Embedded--Engineer-I---Early-Career--2026-Starts-_R58482,list-bot-verified 2026-06-10
Bobcat Company,Embedded Software Engineer (Level DOE) Job Details / Doosan Corp,Firmware / Embedded,"Fargo, US, 58102",US,Other,,,Jun 09,On Site,jobright:SW,https://jobs.doosan.com/job/Fargo-Embedded-Software-Engineer-(Level-DOE)-1814-58102/1303406100/,search-verified 2026-06-10; direct employer link (live on jobs.doosan.com)
Brain Corp,Software Engineer 1 - Firmware,Firmware / Embedded,"San Diego, CA",US,Other,,,1mo,,simplify:HW,https://braincorp.com/open-positions?gh_jid=8502582002,list-bot-verified 2026-06-10
Brain Corp,"Software Engineer I, Firmware",Firmware / Embedded,"San Diego, CA",US,Other,,,Jun 05,On Site,jobright:SW,https://jobright.ai/jobs/info/69efff9b58811370cb14a16f,listed<=7d jobright 2026-06-10; search-confirmed 2026-06-10
Brain Corp,"Software Engineer I, Firmware",Firmware / Embedded,"San Diego, California, United States",US,Other,,,Jun 05,On Site,jobright:SW,https://jobright.ai/jobs/info/6a18a4346243320e8d166c12,listed<=7d jobright 2026-06-10; search-confirmed 2026-06-10
Brunswick Corporation,Embedded Software Engineer,Firmware / Embedded,"Oshkosh, WI, US",US,Other,,,Jun 05,Hybrid,jobright:SW,https://jobright.ai/jobs/info/6a25615c757ade085b6b19d1,listed<=7d jobright 2026-06-10
Collins Aerospace,Embedded Linux Software Engineer I (Onsite),Firmware / Embedded,"Cedar Rapids, IA",US,Other,,us-person-likely,Jun 10,On Site,jobright:SW,https://careers.rtx.com/global/en/job/01793223/Embedded-Linux-Software-Engineer-I-Onsite,search-verified 2026-06-10; direct employer link (open on careers.rtx.com)
Draper,Embedded Software Engineer,Firmware / Embedded,"Cambridge, MA, US",US,Other,,us-person-likely,Jun 09,Hybrid,jobright:SW,https://draper.wd5.myworkdayjobs.com/Draper_Careers/job/Cambridge-MA/Embedded-Software-Engineer_JR002477,search-verified 2026-06-10; direct employer link (open on Draper Workday)
General Dynamics Mission Systems,Junior RUST Embedded Software Engineer (cleared),Firmware / Embedded,"Dedham, MA",US,Other,,us-citizenship;us-person-likely,1mo,,simplify:SW,https://careers-gdms.icims.com/jobs/71965/junior-rust-embedded-software-engineer-%28cleared%29/job,list-bot-verified 2026-06-10
Honeywell,Embedded Engineer 1 New Grad,Firmware / Embedded,"St. Charles, IL",US,Other,,,28d,,simplify:HW,https://ibqbjb.fa.ocs.oraclecloud.com/hcmUI/CandidateExperience/en/sites/Honeywell/job/140055,list-bot-verified 2026-06-10
Honeywell,Embedded Engineer 1,Firmware / Embedded,"North Haven, CT",US,Other,,,1mo,,simplify:HW,https://ibqbjb.fa.ocs.oraclecloud.com/hcmUI/CandidateExperience/en/sites/Honeywell/job/145265,list-bot-verified 2026-06-10
Honeywell Aerospace Technologies,Software Engineer I - Embedded & Linux Systems,Firmware / Embedded,"Colorado Springs, CO, United States",US,Other,,us-person-likely,Jun 04,On Site,jobright:SW,https://jobright.ai/jobs/info/6a21e2d4c00e701fe8371902,listed<=7d jobright 2026-06-10
John Deere,Embedded Software Engineer Job Details / John Deere,Firmware / Embedded,"Urbandale, Iowa, US, 50322",US,Other,,,Jun 09,On Site,jobright:SW,https://jobs.deere.com/job/Urbandale-Embedded-Software-Engineer-Iowa-50322/788230400/,search-verified 2026-06-10; direct employer link (live on jobs.deere.com)
Life Fitness,Embedded Software Engineer 1,Firmware / Embedded,"Hoffman Estates, IL",US,Other,,,2mo,,simplify:HW,https://lifefitness.wd1.myworkdayjobs.com/searchLFN/job/Schaumburg-IL-60173/Embedded-Software-Engineer-I_JR-024894,list-bot-verified 2026-06-10
RTX,Embedded Linux Software Engineer 1,Firmware / Embedded,"Cedar Rapids, IA",US,Other,,us-person-likely,4mo,,simplify:HW,https://globalhr.wd5.myworkdayjobs.com/rec_rtx_ext_gateway/job/US-IA-CEDAR-RAPIDS-121--350-Collins-Rd-NE--BLDG-121/Embedded-Linux-Software-Engineer-I--Onsite-_01793223,list-bot-verified 2026-06-10
RTX,2026 Full-time - Embedded Software Engineer 1 - Onsite (CA),Firmware / Embedded,US-CA-EL SEGUNDO-E01 ~ 2000 E El Segundo Blvd ~ BLDG E01,US,Other,,us-person-likely,Jun 08,On Site,jobright:SW,https://jobright.ai/jobs/info/6a26f8c24ec8d737d6dfd0c7,listed<=7d jobright 2026-06-10; search-confirmed 2026-06-10
Scout AI,Junior Firmware Engineer,Firmware / Embedded,"Sunnyvale, CA",US,Other,,us-citizenship,2mo,,simplify:SW,https://job-boards.greenhouse.io/scoutai/jobs/4643333008,list-bot-verified 2026-06-10
Smith+Nephew,Embedded Software Engineer I,Firmware / Embedded,"Andover, MA, US",US,Other,,,Jun 09,Hybrid,jobright:SW,https://jobright.ai/jobs/info/6a0b71840411d7417a1b0cc5,listed<=7d jobright 2026-06-10; search-confirmed 2026-06-10
Torc Robotics,Software Engineer 1 - Device Drivers,Firmware / Embedded,"Ann Arbor, MI",US,Other,,,2mo,,simplify:HW,https://job-boards.greenhouse.io/torcrobotics/jobs/8492431002,list-bot-verified 2026-06-10
Torc Robotics,Software Engineer I - Device Drivers,Firmware / Embedded,"Ann Arbor, MI",US,Other,,,Jun 10,On Site,jobright:SW,https://jobright.ai/jobs/info/6a1f1b1b09442629a685706c,listed<=7d jobright 2026-06-10; search-confirmed 2026-06-10
Watchfire,Software Engineer (Embedded Systems),Firmware / Embedded,"Danville, IL 61832, USA",US,Other,,,Jun 06,Hybrid,jobright:SW,https://jobright.ai/jobs/info/6a072c414a0a6a7e7d825cb5,listed<=7d jobright 2026-06-10; search-confirmed 2026-06-10
WD,Software Engineer (Apps & Firmware),Firmware / Embedded,"San Jose, CA",US,Other,,,Jun 05,Hybrid,jobright:SW,https://jobright.ai/jobs/info/6a037806bc4184089f232bb0,listed<=7d jobright 2026-06-10
WHOOP,Embedded Engineer,Firmware / Embedded,"Boston, MA",US,Other,,,Jun 06,On Site,jobright:SW,https://jobright.ai/jobs/info/6a080196a203b1052e4408c6,listed<=7d jobright 2026-06-10; search-confirmed 2026-06-10
York Space Systems,Embedded Flight Software Engineer (Early Career),Firmware / Embedded,"Greenwood Village, CO, 6060 South Willow Drive, Greenwood Village, Colorado, United States of America",US,Other,,,Jun 06,On Site,jobright:SW,https://jobright.ai/jobs/info/6a074cf2403fc339507e2ce6,listed<=7d jobright 2026-06-10; search-confirmed 2026-06-10
Altera,FPGA Development Tools Engineer,RTL / ASIC Design,"Toronto, Ontario, Canada",Intl,Big Tech / Semi leader,,,Jun 10,On Site,jobright:ENG,https://altera.wd1.myworkdayjobs.com/en-US/Altera/job/FPGA-Development-Tools-Engineer_R01648,search-verified 2026-06-10; direct employer link (live on Altera Workday)
Microchip Technology Inc.,Engineer I- CAD (Methodology),EDA / CAD,"Burnaby, British Columbia, Canada",Intl,Big Tech / Semi leader,,,Jun 06,On Site,jobright:ENG,https://jobright.ai/jobs/info/6a0619ae7c753c287f6ff3ac,listed<=7d jobright 2026-06-10
Microchip Technology Inc.,Engineer I- CAD (Methodology),EDA / CAD,Canada - Burnaby,Intl,Big Tech / Semi leader,,,Jun 05,On Site,jobright:ENG,https://jobright.ai/jobs/info/69e12bec40a62c1fa93b6ec7,listed<=7d jobright 2026-06-10
Amazon,Robotics - Software Development Engineer,Software,"Toronto, Ontario, CAN",Intl,Big Tech / Semi leader,,,Jun 10,On Site,jobright:ENG,https://jobright.ai/jobs/info/6a0761528f3e371eb617619d,listed<=7d jobright 2026-06-10
Amazon,"Software Development Engineer, Prime Acquisition",Software,"Vancouver, British Columbia, CAN",Intl,Big Tech / Semi leader,,,Jun 09,On Site,jobright:SW,https://jobright.ai/jobs/info/6a2873101dbd8437bebcb43d,listed<=7d jobright 2026-06-10
Cerebras,New Grad Software Engineer,Software,"Toronto, ON, Canada",Intl,Big Tech / Semi leader,,,0d,,simplify:SW,https://boards.greenhouse.io/embed/job_app?token=7621008003,list-bot-verified 2026-06-10
Cerebras,Software Engineer New Grad,Software,"Toronto, ON, Canada; Sunnyvale, CA",Intl,Big Tech / Semi leader,,,0d,,simplify:SW,https://boards.greenhouse.io/embed/job_app?token=7731286003,list-bot-verified 2026-06-10
Figma,"Software Engineer, Full Stack",Software,Canada,Intl,Big Tech / Semi leader,,,Jun 05,Remote,jobright:SW,https://jobright.ai/jobs/info/6a07214e078fec52738aa400,listed<=7d jobright 2026-06-10
Qualcomm,"Associate Support Engineer, AI Software Lab",Software,"Markham, Ontario, Canada",Intl,Big Tech / Semi leader,,,Jun 04,On Site,jobright:ENG,https://jobright.ai/jobs/info/6a0499437c753c287f6f1844,listed<=7d jobright 2026-06-10
Sony Pictures Imageworks,Associate Software Engineer,Software,"Vancouver, British Columbia, Canada",Intl,Big Tech / Semi leader,,,Jun 08,On Site,jobright:SW,https://jobright.ai/jobs/info/6a27ace51dbd8437bebc77c0,listed<=7d jobright 2026-06-10
Tenstorrent,Software Engineer - NCG,Software,CA / TX / Ontario,Intl,Big Tech / Semi leader,,,verified Jun 10,,agent:US-direct,https://tenstorrent.breezy.hr/p/42f1dd5cf463-software-engineer-ncg,search-verified 2026-06-10 (Breezy slug+title active)
VirtueTech Recruitment Group,"Junior C# .NET Developer / Energy Trading / ETRM / £60,000 / London (Hybrid)",Software,"Greater London, England, United Kingdom",Intl,Quant/HFT (top salary),,,Jun 10,Hybrid,jobright:SW,https://jobright.ai/jobs/info/6a299f60c07d4b6ae1c41c4b,listed<=7d jobright 2026-06-10
CesiumAstro,FPGA Engineer 1,RTL / ASIC Design,"Milton Keynes, UK",Intl,Other,,,3mo,,simplify:HW,https://jobs.lever.co/CesiumAstro/ae5b45f6-e65d-4b7e-bd10-8fda3834de8a/apply,list-bot-verified 2026-06-10
Ericsson,5G RAN Verification Engineer,Design Verification,"Ottawa, Ontario, Canada",Intl,Other,,,Jun 04,On Site,jobright:ENG,https://jobs.ericsson.com/careers/job/563121775176935-5g-ran-verification-engineer-ottawa-ontario-canada,search-verified 2026-06-10; direct employer link (live on jobs.ericsson.com)
Amaris Consulting,Test QA Embedded SW Engineer,Firmware / Embedded,"Markham, Ontario, Canada",Intl,Other,,,Jun 04,On Site,jobright:SW,https://jobright.ai/jobs/info/6a21bb2fca8f0b365d7a8428,listed<=7d jobright 2026-06-10; search-confirmed 2026-06-10
Celero Communications,Firmware Developer,Firmware / Embedded,"Ottawa, Canada",Intl,Other,,,Jun 09,On Site,jobright:SW,https://job-boards.greenhouse.io/celerocommunicationsinc/jobs/4187567009,search-verified 2026-06-10; direct employer link (live Greenhouse posting Ottawa)
General Dynamics UK,Junior Firmware Engineer,Firmware / Embedded,"Ashford District, UK",Intl,Other,,us-person-likely,1mo,,simplify:HW,https://jobs.smartrecruiters.com/GDMSI/744000123456285,list-bot-verified 2026-06-10
Nokia,Firmware Engineer,Firmware / Embedded,"600 March Road, Ottawa, Ontario, K2K 2E6, CA",Intl,Other,,,Jun 10,On Site,jobright:SW,https://jobright.ai/jobs/info/6a0d5d8d22d0d34036c9d755,listed<=7d jobright 2026-06-10
MediaTek 聯發科,2026校招/研發替代役/應屆預聘正職_數位IC設計_Communication (MD/WiFi/SerDes),RTL / ASIC Design,新竹,TW,Big Tech / Semi leader,,,entry:2026應屆/研替/預聘,,agent:TW-sweep,https://careers.mediatek.com/eREC/JobSearch/JobDetail/MTK120250828037,search-verified 2026-06-10 (eREC posting recruiting 2026 graduates)
MediaTek 聯發科,115年度校招/研發替代役/應屆預聘正職_數位IC設計_General IC design,RTL / ASIC Design,新竹市東區,TW,Big Tech / Semi leader,,,entry:2026應屆/研替/預聘,,agent:TW-sweep,https://www.1111.com.tw/job/132176374,search-verified 2026-06-10 (1111 listing indexed no closed marker)
Synopsys Taiwan,ASIC Digital Design Engineer (frontend design/verification) — 0-3 yrs (MS EE/CS),RTL / ASIC Design,Hsinchu,TW,Big Tech / Semi leader,,,entry:0-3 yrs (MS EE/CS),,agent:TW-sweep,https://careers.synopsys.com/job/hsinchu/asic-digital-design-engineer-sr-engineer/44408/70723117808,search-verified 2026-06-10 (still listed on careers.synopsys.com)
TSMC 台積電,【2026 Campus Recruitment】Design and Technology Platform Engineer (DTP: RTL/synthesis/DFT/APR),RTL / ASIC Design,新竹,TW,Big Tech / Semi leader,,,entry:2026 應屆 new grad,,agent:TW-sweep,https://careers.tsmc.com/zh_TW/careers/JobDetail/2026-TSMC-Campus-Recruitment-Design-and-Technology-Platform-Engineer-DTP/19034,search-verified 2026-06-10 (careers.tsmc.com site search lists it)
TSMC 台積電,【2026 RDSS&AO】Design and Technology Platform Engineer (DTP),RTL / ASIC Design,新竹,TW,Big Tech / Semi leader,,,entry:研發替代役/預聘 應屆,,agent:TW-sweep,https://careers.tsmc.com/zh_TW/careers/JobDetail/2026-TSMC-RDSS-AO-Design-and-Technology-Platform-Engineer-DTP/16566,search-verified 2026-06-10 (careers.tsmc.com 16566 indexed)
MediaTek 聯發科,115年度校招/研發替代役/應屆預聘正職_數位IC設計_Design Verification,Design Verification,新竹市東區,TW,Big Tech / Semi leader,,,entry:2026應屆/研替/預聘,,agent:TW-sweep,https://www.1111.com.tw/job/132176467,search-verified 2026-06-10 (1111 listing indexed no closed marker)
NVIDIA Taiwan,Design Verification Engineer (RDSS),Design Verification,Hsinchu,TW,Big Tech / Semi leader,,,entry:RDSS <1y experience,,agent:TW-sweep,https://nvidia.wd5.myworkdayjobs.com/en-US/NVIDIAExternalCareerSite/job/Design-Verification-Engineer--RDSS-Intern-_JR1989997,search-verified 2026-06-10 (Workday JR1989997 same role listed)
Qualcomm Taiwan,CPU Verification Engineer – New Graduate (Hsinchu),Design Verification,Hsinchu,TW,Big Tech / Semi leader,,,entry:new graduate,,agent:TW-sweep,https://careers.qualcomm.com/careers/job/446695971423-cpu-verification-engineer-%E2%80%93-new-graduate-hsinchu--hsinchu-city-hsinchu-city-taiwan,search-verified 2026-06-10 (careers.qualcomm.com req indexed open)
MediaTek 聯發科,"數位IC設計/Synthesis, DFT工程師 (3~7nm implementation) — 經歷不拘 (碩士)",DFT / Silicon Test,新竹縣竹北市,TW,Big Tech / Semi leader,,,entry:經歷不拘 (碩士),,agent:TW-sweep,https://m.104.com.tw/job/6me2q,search-verified 2026-06-10 (104 6me2q indexed with title)
NVIDIA Taiwan,DFX Engineer - New College Graduate,DFT / Silicon Test,Taipei,TW,Big Tech / Semi leader,,,entry:new grad,,agent:TW-sweep,https://nvidia.wd5.myworkdayjobs.com/en-US/NVIDIAExternalCareerSite/job/Taiwan-Taipei/DFX-Engineer---New-College-Graduate_JR1956623-1,search-verified 2026-06-10 (Workday JR1956623 indexed)
NVIDIA Taiwan,DFT Engineer - New College Grad (Scan/ATPG/BIST/JTAG),DFT / Silicon Test,Taipei/Hsinchu,TW,Big Tech / Semi leader,,,entry:new grad,,agent:TW-sweep,https://jobs.nvidia.com/careers/job/893394773734,search-verified 2026-06-10 (official NVIDIA site lists same title)
Garmin Taiwan,Garmin 校園徵才—新鮮人職缺 (R&D 軟/韌體/電子),Firmware / Embedded,汐止/中壢/林口,TW,Big Tech / Semi leader,,,entry:新鮮人,,agent:TW-sweep,https://www.garmincareersasia.com/fresh-grad,search-verified 2026-06-10 (fresh-grad section currently listed)
MediaTek 聯發科,2026校招/研替/應屆預聘_軟韌體開發 (Camera/Smart Display/Multimedia/Audio/Video),Firmware / Embedded,台北,TW,Big Tech / Semi leader,,,entry:2026應屆/研替/預聘,,agent:TW-sweep,https://tw.linkedin.com/jobs/view/4293040636,search-verified 2026-06-10 (LinkedIn shows MediaTek actively recruiting)
NVIDIA Taiwan,GPU Firmware Engineer (RDSS),Firmware / Embedded,Taipei,TW,Big Tech / Semi leader,,,entry:RDSS 研替 應屆,,agent:TW-sweep,https://nvidia.wd5.myworkdayjobs.com/en-US/NVIDIAExternalCareerSite/job/Taiwan-Taipei/GPU-Firmware-Engineer--RDSS-Intern-_JR2001138-1,search-verified 2026-06-10 (Workday JR2001138 apply page indexed)
NVIDIA Taiwan,GPU Firmware Engineer (RDSS) — security/MCU/Display FW,Firmware / Embedded,Taipei,TW,Big Tech / Semi leader,,,entry:RDSS 研替 應屆,,agent:TW-sweep,https://nvidia.wd5.myworkdayjobs.com/en-US/NVIDIAExternalCareerSite/job/Taiwan-Taipei/GPU-Firmware-Engineer--RDSS-Intern-_JR1975084-1,search-verified 2026-06-10 (Workday JR1975084 in site results)
Google Taiwan,"Hardware Engineer, Cloud Platforms, Early Career — early career",Hardware (general),Taipei,TW,Big Tech / Semi leader,,,entry:early career,,agent:TW-sweep,https://www.google.com/about/careers/applications/jobs/results/105654740515201734-hardware-engineer-cloud-platforms-early-career,search-verified 2026-06-10 (official Google listing posted 29d ago)
Micron 台灣美光,"2026 Spring Campus Hiring (NT$50k/月起, 多工程職類)",Hardware (general),Taichung,TW,Big Tech / Semi leader,,,entry:應屆/畢業2年內,,agent:TW-sweep,https://micron.wd1.myworkdayjobs.com/zh-TW/External/job/XMLNAME-2026-Spring-Campus-Hiring-_JR87270,search-verified 2026-06-10 (Micron Workday JR87270 campus interviews ongoing)
NVIDIA Taiwan,Physical Design Engineer (RDSS),Hardware (general),Hsinchu,TW,Big Tech / Semi leader,,,entry:RDSS 研替 應屆,,agent:TW-sweep,https://nvidia.wd5.myworkdayjobs.com/NVIDIAExternalCareerSite/job/Physical-Design-Engineer--RDSS-Intern-_JR1989433,search-verified 2026-06-10 (Workday JR1989433 indexed)
NVIDIA Taiwan,"Product Test Engineer (RDSS, 2026 program)",Hardware (general),Hsinchu,TW,Big Tech / Semi leader,,,entry:RDSS 研替 應屆,,agent:TW-sweep,https://nvidia.wd5.myworkdayjobs.com/en-US/NVIDIAExternalCareerSite/job/Taiwan-Hsinchu/Product-Test-Engineer--RDSS-Intern-_JR2007413-1,search-verified 2026-06-10 (Workday JR2007413 apply page indexed)
NVIDIA Taiwan,"System Engineer, Enterprise (RDSS) — GPU server HW/system",Hardware (general),Taipei,TW,Big Tech / Semi leader,,,entry:RDSS 研替 應屆,,agent:TW-sweep,https://nvidia.wd5.myworkdayjobs.com/NVIDIAExternalCareerSite/job/Taiwan-Taipei/System-Engineer--Enterprise--RDSS-Intern-_JR2002908,search-verified 2026-06-10 (Workday JR2002908 indexed GPU server)
TSMC 台積電,2026 TSMC Campus Recruitment 校園徵才 (R&D/Design 全領域),Hardware (general),新竹/台中/台南,TW,Big Tech / Semi leader,,,entry:2026 應屆碩博,,agent:TW-sweep,https://careers.tsmc.com/zh_TW/careers/JobDetail/2026-2026-TSMC-Campus-Recruitment/19032,search-verified 2026-06-10 (careers.tsmc.com site search lists it)
TSMC 台積電,【2026 Campus Recruitment】Research and Development Engineer (R&D),Hardware (general),新竹,TW,Big Tech / Semi leader,,,entry:2026 應屆 new grad,,agent:TW-sweep,https://careers.tsmc.com/en_US/careers/JobDetail/2026-TSMC-Campus-Recruitment-Research-and-Development-Engineer-R-D/19033,search-verified 2026-06-10 (careers.tsmc.com site search lists it)
TSMC 台積電,2026 台積電預辦登積計畫 AO(預聘)/RDSS(研發替代役),Hardware (general),新竹縣寶山,TW,Big Tech / Semi leader,,,entry:2026 應屆碩博,,agent:TW-sweep,https://careers.tsmc.com/en_US/careers/JobDetail/2026-TSMC-Qualification-for-AO-RDSS/16564,search-verified 2026-06-10 (careers.tsmc.com 16564 indexed)
MediaTek 聯發科,115年度校招/研發替代役/應屆預聘正職_演算法開發_影像演算法,Software,新竹市東區,TW,Big Tech / Semi leader,,,entry:2026應屆/研替/預聘,,agent:TW-sweep,https://www.1111.com.tw/job/132176462,search-verified 2026-06-10 (1111 listing indexed no closed marker)
MediaTek 聯發科,115年度校招/研發替代役/應屆預聘正職_資訊(IT)工程師,Software,新竹市東區,TW,Big Tech / Semi leader,,,entry:2026應屆/研替/預聘,,agent:TW-sweep,https://www.1111.com.tw/job/132176457,"search-verified 2026-06-10 (1111 listing, apply via MediaTek eREC)"
NVIDIA Taiwan,"System Software Engineer, GPU - New College Grad",Software,Taipei,TW,Big Tech / Semi leader,,,entry:new grad,,agent:TW-sweep,https://nvidia.wd5.myworkdayjobs.com/en-US/NVIDIAExternalCareerSite/job/Taiwan-Taipei/System-Software-Engineer--GPU---New-College-Grad_JR1956367-1,search-verified 2026-06-10 (Workday JR1956367 indexed Taipei)
NVIDIA Taiwan,System Software Engineer (RDSS),Software,Taipei,TW,Big Tech / Semi leader,,,entry:RDSS 研替 應屆,,agent:TW-sweep,https://nvidia.wd5.myworkdayjobs.com/NVIDIAExternalCareerSite/job/Taiwan-Taipei/System-Software-Engineer--RDSS-Intern-_JR2008241,search-verified 2026-06-10 (Workday JR2008241 indexed 2026 RDSS)
NVIDIA Taiwan,Developer Technology Engineer (RDSS),Software,Taipei,TW,Big Tech / Semi leader,,,entry:RDSS 研替 應屆,,agent:TW-sweep,https://nvidia.wd5.myworkdayjobs.com/en-US/UniversityJobs/job/Taiwan-Taipei/Developer-Technology-Engineer--RDSS-Intern-_JR1947131-1,search-verified 2026-06-10 (Workday UniversityJobs JR1947131 indexed)
GUC 創意電子,G240060-Chip Application Front-End Engineer (SDC/STA/low-power) — 校園徵才,RTL / ASIC Design,新竹,TW,Semiconductor (TW/global),,,entry:校園徵才,,agent:TW-sweep,https://program.104.com.tw/NCKU/job/9503281,search-verified 2026-06-10 (program.104 NCKU G240060 indexed)
M31 円星,數位IC設計工程師 (MIPI/PCIe/SATA/USB controller) — 經歷不拘,RTL / ASIC Design,竹北,TW,Semiconductor (TW/global),,,entry:經歷不拘,,agent:TW-sweep,https://www.104.com.tw/job/6m6dd,search-verified 2026-06-10 (104 6m6dd indexed matching title)
Novatek 聯詠,【研發替代役/預聘】數位IC設計工程師 (台南),RTL / ASIC Design,台南,TW,Semiconductor (TW/global),,,entry:研替/預聘 應屆碩博,,agent:TW-sweep,https://openhouse.osa.nycu.edu.tw/company/detail/84149955/,search-verified 2026-06-10 (Novatek 台南 研替/預聘 openings listed (also 104.com.tw/job/45lc6))
Realtek 瑞昱,數位IC設計工程師M4 (Verilog/Verdi/LEC/Spyglass/STA) — 經歷不拘,RTL / ASIC Design,新竹市,TW,Semiconductor (TW/global),,,entry:經歷不拘,,agent:TW-sweep,https://m.104.com.tw/job/6arzm,search-verified 2026-06-10 (104 6arzm indexed matching title)
Andes 晶心科技,CPU Verification Engineer (RISC-V) — all levels,Design Verification,新竹市,TW,Semiconductor (TW/global),,,entry:all levels,,agent:TW-sweep,https://www.104.com.tw/job/6jewb,search-verified 2026-06-10 (104 6jewb indexed matching title)
Realtek 瑞昱,115年度研發替代役&預聘_應屆畢業人才-數位IC驗證工程師,Design Verification,新竹市東區,TW,Semiconductor (TW/global),,,entry:應屆碩博/研替&預聘,,agent:TW-sweep,https://www.1111.com.tw/job/130312653,search-verified 2026-06-10 (1111 listing indexed full title)
GUC 創意電子,G250003-DFT Engineer (IP) — 校園徵才,DFT / Silicon Test,新竹,TW,Semiconductor (TW/global),,,entry:校園徵才,,agent:TW-sweep,https://program.104.com.tw/NCKU/job/14480805,search-verified 2026-06-10 (program.104 NCKU G250003 indexed)
Realtek 瑞昱,115年度研發替代役&預聘_應屆畢業人才-可測試設計(DFT)工程師,DFT / Silicon Test,新竹市東區,TW,Semiconductor (TW/global),,,entry:應屆碩博/研替&預聘,,agent:TW-sweep,https://www.1111.com.tw/job/130312584,search-verified 2026-06-10 (1111 listing indexed full title)
Phison 群聯,韌體工程師08 — 經驗不拘,Firmware / Embedded,苗栗竹南,TW,Semiconductor (TW/global),,,entry:經驗不拘,,agent:TW-sweep,https://www.104.com.tw/job/6gzhi,search-verified 2026-06-10 (104 6gzhi indexed matching title)
Realtek 瑞昱,Monitor韌體工程師(內湖) — 經歷不拘,Firmware / Embedded,台北內湖,TW,Semiconductor (TW/global),,,entry:經歷不拘,,agent:TW-sweep,https://m.104.com.tw/job/26hkk,search-verified 2026-06-10 (104 26hkk indexed matching title)
Novatek 聯詠,語音暨音頻音訊軟體工程師 (S4I1) — 經歷不拘,Software,新竹,TW,Semiconductor (TW/global),,,entry:經歷不拘,,agent:TW-sweep,https://program.104.com.tw/NCKU/job/10727479,search-verified 2026-06-10 (program.104 NCKU exact S4I1 title)
Realtek 瑞昱,115年度研發替代役&預聘_應屆畢業人才-AI演算法開發/軟體設計工程師,Software,新竹市東區,TW,Semiconductor (TW/global),,,entry:應屆碩博/研替&預聘,,agent:TW-sweep,https://www.1111.com.tw/job/130312574,search-verified 2026-06-10 (1111 listing updated 2026-02-03)
